"0","modelSelectorForwardSelection(df_houses_prices, 14, 10) %>% kable()
"
"1","[1]"
"1"," ""lm(formula=SalePrice~ MSSubClass , data=dataList[[ 1 ]]$train)"""
"1","
"
"1","[1]"
"1"," ""lm(formula=SalePrice~ MSSubClass , data=dataList[[ 2 ]]$train)"""
"1","
"
"1","[1]"
"1"," ""lm(formula=SalePrice~ MSSubClass , data=dataList[[ 3 ]]$train)"""
"1","
"
"1","[1]"
"1"," ""lm(formula=SalePrice~ MSSubClass , data=dataList[[ 4 ]]$train)"""
"1","
"
"1","[1]"
"1"," ""lm(formula=SalePrice~ MSSubClass , data=dataList[[ 5 ]]$train)"""
"1","
"
"1","[1]"
"1"," ""lm(formula=SalePrice~ MSSubClass , data=dataList[[ 6 ]]$train)"""
"1","
"
"1","[1]"
"1"," ""lm(formula=SalePrice~ MSSubClass , data=dataList[[ 7 ]]$train)"""
"1","
"
"1","[1]"
"1"," ""lm(formula=SalePrice~ MSSubClass , data=dataList[[ 8 ]]$train)"""
"1","
"
"1","[1]"
"1"," ""lm(formula=SalePrice~ MSSubClass , data=dataList[[ 9 ]]$train)"""
"1","
"
"1","[1]"
"1"," ""lm(formula=SalePrice~ MSSubClass , data=dataList[[ 10 ]]$train)"""
"1","
"
"1","[1]"
"1"," ""lm(formula=SalePrice~ LotFrontage , data=dataList[[ 1 ]]$train)"""
"1","
"
"1","[1]"
"1"," ""lm(formula=SalePrice~ LotFrontage , data=dataList[[ 2 ]]$train)"""
"1","
"
"1","[1]"
"1"," ""lm(formula=SalePrice~ LotFrontage , data=dataList[[ 3 ]]$train)"""
"1","
"
"1","[1]"
"1"," ""lm(formula=SalePrice~ LotFrontage , data=dataList[[ 4 ]]$train)"""
"1","
"
"1","[1]"
"1"," ""lm(formula=SalePrice~ LotFrontage , data=dataList[[ 5 ]]$train)"""
"1","
"
"1","[1]"
"1"," ""lm(formula=SalePrice~ LotFrontage , data=dataList[[ 6 ]]$train)"""
"1","
"
"1","[1]"
"1"," ""lm(formula=SalePrice~ LotFrontage , data=dataList[[ 7 ]]$train)"""
"1","
"
"1","[1]"
"1"," ""lm(formula=SalePrice~ LotFrontage , data=dataList[[ 8 ]]$train)"""
"1","
"
"1","[1]"
"1"," ""lm(formula=SalePrice~ LotFrontage , data=dataList[[ 9 ]]$train)"""
"1","
"
"1","[1]"
"1"," ""lm(formula=SalePrice~ LotFrontage , data=dataList[[ 10 ]]$train)"""
"1","
"
"1","[1]"
"1"," ""lm(formula=SalePrice~ LotShape , data=dataList[[ 1 ]]$train)"""
"1","
"
"1","[1]"
"1"," ""lm(formula=SalePrice~ LotShape , data=dataList[[ 2 ]]$train)"""
"1","
"
"1","[1]"
"1"," ""lm(formula=SalePrice~ LotShape , data=dataList[[ 3 ]]$train)"""
"1","
"
"1","[1]"
"1"," ""lm(formula=SalePrice~ LotShape , data=dataList[[ 4 ]]$train)"""
"1","
"
"1","[1]"
"1"," ""lm(formula=SalePrice~ LotShape , data=dataList[[ 5 ]]$train)"""
"1","
"
"1","[1]"
"1"," ""lm(formula=SalePrice~ LotShape , data=dataList[[ 6 ]]$train)"""
"1","
"
"1","[1]"
"1"," ""lm(formula=SalePrice~ LotShape , data=dataList[[ 7 ]]$train)"""
"1","
"
"1","[1]"
"1"," ""lm(formula=SalePrice~ LotShape , data=dataList[[ 8 ]]$train)"""
"1","
"
"1","[1]"
"1"," ""lm(formula=SalePrice~ LotShape , data=dataList[[ 9 ]]$train)"""
"1","
"
"1","[1]"
"1"," ""lm(formula=SalePrice~ LotShape , data=dataList[[ 10 ]]$train)"""
"1","
"
"1","[1]"
"1"," ""lm(formula=SalePrice~ X1stFlrSF , data=dataList[[ 1 ]]$train)"""
"1","
"
"1","[1]"
"1"," ""lm(formula=SalePrice~ X1stFlrSF , data=dataList[[ 2 ]]$train)"""
"1","
"
"1","[1]"
"1"," ""lm(formula=SalePrice~ X1stFlrSF , data=dataList[[ 3 ]]$train)"""
"1","
"
"1","[1]"
"1"," ""lm(formula=SalePrice~ X1stFlrSF , data=dataList[[ 4 ]]$train)"""
"1","
"
"1","[1]"
"1"," ""lm(formula=SalePrice~ X1stFlrSF , data=dataList[[ 5 ]]$train)"""
"1","
"
"1","[1]"
"1"," ""lm(formula=SalePrice~ X1stFlrSF , data=dataList[[ 6 ]]$train)"""
"1","
"
"1","[1]"
"1"," ""lm(formula=SalePrice~ X1stFlrSF , data=dataList[[ 7 ]]$train)"""
"1","
"
"1","[1]"
"1"," ""lm(formula=SalePrice~ X1stFlrSF , data=dataList[[ 8 ]]$train)"""
"1","
"
"1","[1]"
"1"," ""lm(formula=SalePrice~ X1stFlrSF , data=dataList[[ 9 ]]$train)"""
"1","
"
"1","[1]"
"1"," ""lm(formula=SalePrice~ X1stFlrSF , data=dataList[[ 10 ]]$train)"""
"1","
"
"1","[1]"
"1"," ""lm(formula=SalePrice~ TotalBsmtSF , data=dataList[[ 1 ]]$train)"""
"1","
"
"1","[1]"
"1"," ""lm(formula=SalePrice~ TotalBsmtSF , data=dataList[[ 2 ]]$train)"""
"1","
"
"1","[1]"
"1"," ""lm(formula=SalePrice~ TotalBsmtSF , data=dataList[[ 3 ]]$train)"""
"1","
"
"1","[1]"
"1"," ""lm(formula=SalePrice~ TotalBsmtSF , data=dataList[[ 4 ]]$train)"""
"1","
"
"1","[1]"
"1"," ""lm(formula=SalePrice~ TotalBsmtSF , data=dataList[[ 5 ]]$train)"""
"1","
"
"1","[1]"
"1"," ""lm(formula=SalePrice~ TotalBsmtSF , data=dataList[[ 6 ]]$train)"""
"1","
"
"1","[1]"
"1"," ""lm(formula=SalePrice~ TotalBsmtSF , data=dataList[[ 7 ]]$train)"""
"1","
"
"1","[1]"
"1"," ""lm(formula=SalePrice~ TotalBsmtSF , data=dataList[[ 8 ]]$train)"""
"1","
"
"1","[1]"
"1"," ""lm(formula=SalePrice~ TotalBsmtSF , data=dataList[[ 9 ]]$train)"""
"1","
"
"1","[1]"
"1"," ""lm(formula=SalePrice~ TotalBsmtSF , data=dataList[[ 10 ]]$train)"""
"1","
"
"1","[1]"
"1"," ""lm(formula=SalePrice~ GrLivArea , data=dataList[[ 1 ]]$train)"""
"1","
"
"1","[1]"
"1"," ""lm(formula=SalePrice~ GrLivArea , data=dataList[[ 2 ]]$train)"""
"1","
"
"1","[1]"
"1"," ""lm(formula=SalePrice~ GrLivArea , data=dataList[[ 3 ]]$train)"""
"1","
"
"1","[1]"
"1"," ""lm(formula=SalePrice~ GrLivArea , data=dataList[[ 4 ]]$train)"""
"1","
"
"1","[1]"
"1"," ""lm(formula=SalePrice~ GrLivArea , data=dataList[[ 5 ]]$train)"""
"1","
"
"1","[1]"
"1"," ""lm(formula=SalePrice~ GrLivArea , data=dataList[[ 6 ]]$train)"""
"1","
"
"1","[1]"
"1"," ""lm(formula=SalePrice~ GrLivArea , data=dataList[[ 7 ]]$train)"""
"1","
"
"1","[1]"
"1"," ""lm(formula=SalePrice~ GrLivArea , data=dataList[[ 8 ]]$train)"""
"1","
"
"1","[1]"
"1"," ""lm(formula=SalePrice~ GrLivArea , data=dataList[[ 9 ]]$train)"""
"1","
"
"1","[1]"
"1"," ""lm(formula=SalePrice~ GrLivArea , data=dataList[[ 10 ]]$train)"""
"1","
"
"1","[1]"
"1"," ""lm(formula=SalePrice~ FireplaceQu , data=dataList[[ 1 ]]$train)"""
"1","
"
"1","[1]"
"1"," ""lm(formula=SalePrice~ FireplaceQu , data=dataList[[ 2 ]]$train)"""
"1","
"
"1","[1]"
"1"," ""lm(formula=SalePrice~ FireplaceQu , data=dataList[[ 3 ]]$train)"""
"1","
"
"1","[1]"
"1"," ""lm(formula=SalePrice~ FireplaceQu , data=dataList[[ 4 ]]$train)"""
"1","
"
"1","[1]"
"1"," ""lm(formula=SalePrice~ FireplaceQu , data=dataList[[ 5 ]]$train)"""
"1","
"
"1","[1]"
"1"," ""lm(formula=SalePrice~ FireplaceQu , data=dataList[[ 6 ]]$train)"""
"1","
"
"1","[1]"
"1"," ""lm(formula=SalePrice~ FireplaceQu , data=dataList[[ 7 ]]$train)"""
"1","
"
"1","[1]"
"1"," ""lm(formula=SalePrice~ FireplaceQu , data=dataList[[ 8 ]]$train)"""
"1","
"
"1","[1]"
"1"," ""lm(formula=SalePrice~ FireplaceQu , data=dataList[[ 9 ]]$train)"""
"1","
"
"1","[1]"
"1"," ""lm(formula=SalePrice~ FireplaceQu , data=dataList[[ 10 ]]$train)"""
"1","
"
"1","[1]"
"1"," ""lm(formula=SalePrice~ GarageArea , data=dataList[[ 1 ]]$train)"""
"1","
"
"1","[1]"
"1"," ""lm(formula=SalePrice~ GarageArea , data=dataList[[ 2 ]]$train)"""
"1","
"
"1","[1]"
"1"," ""lm(formula=SalePrice~ GarageArea , data=dataList[[ 3 ]]$train)"""
"1","
"
"1","[1]"
"1"," ""lm(formula=SalePrice~ GarageArea , data=dataList[[ 4 ]]$train)"""
"1","
"
"1","[1]"
"1"," ""lm(formula=SalePrice~ GarageArea , data=dataList[[ 5 ]]$train)"""
"1","
"
"1","[1]"
"1"," ""lm(formula=SalePrice~ GarageArea , data=dataList[[ 6 ]]$train)"""
"1","
"
"1","[1]"
"1"," ""lm(formula=SalePrice~ GarageArea , data=dataList[[ 7 ]]$train)"""
"1","
"
"1","[1]"
"1"," ""lm(formula=SalePrice~ GarageArea , data=dataList[[ 8 ]]$train)"""
"1","
"
"1","[1]"
"1"," ""lm(formula=SalePrice~ GarageArea , data=dataList[[ 9 ]]$train)"""
"1","
"
"1","[1]"
"1"," ""lm(formula=SalePrice~ GarageArea , data=dataList[[ 10 ]]$train)"""
"1","
"
"1","[1]"
"1"," ""lm(formula=SalePrice~ ExterQual , data=dataList[[ 1 ]]$train)"""
"1","
"
"1","[1]"
"1"," ""lm(formula=SalePrice~ ExterQual , data=dataList[[ 2 ]]$train)"""
"1","
"
"1","[1]"
"1"," ""lm(formula=SalePrice~ ExterQual , data=dataList[[ 3 ]]$train)"""
"1","
"
"1","[1]"
"1"," ""lm(formula=SalePrice~ ExterQual , data=dataList[[ 4 ]]$train)"""
"1","
"
"1","[1]"
"1"," ""lm(formula=SalePrice~ ExterQual , data=dataList[[ 5 ]]$train)"""
"1","
"
"1","[1]"
"1"," ""lm(formula=SalePrice~ ExterQual , data=dataList[[ 6 ]]$train)"""
"1","
"
"1","[1]"
"1"," ""lm(formula=SalePrice~ ExterQual , data=dataList[[ 7 ]]$train)"""
"1","
"
"1","[1]"
"1"," ""lm(formula=SalePrice~ ExterQual , data=dataList[[ 8 ]]$train)"""
"1","
"
"1","[1]"
"1"," ""lm(formula=SalePrice~ ExterQual , data=dataList[[ 9 ]]$train)"""
"1","
"
"1","[1]"
"1"," ""lm(formula=SalePrice~ ExterQual , data=dataList[[ 10 ]]$train)"""
"1","
"
"1","[1]"
"1"," ""lm(formula=SalePrice~ MasVnrArea , data=dataList[[ 1 ]]$train)"""
"1","
"
"1","[1]"
"1"," ""lm(formula=SalePrice~ MasVnrArea , data=dataList[[ 2 ]]$train)"""
"1","
"
"1","[1]"
"1"," ""lm(formula=SalePrice~ MasVnrArea , data=dataList[[ 3 ]]$train)"""
"1","
"
"1","[1]"
"1"," ""lm(formula=SalePrice~ MasVnrArea , data=dataList[[ 4 ]]$train)"""
"1","
"
"1","[1]"
"1"," ""lm(formula=SalePrice~ MasVnrArea , data=dataList[[ 5 ]]$train)"""
"1","
"
"1","[1]"
"1"," ""lm(formula=SalePrice~ MasVnrArea , data=dataList[[ 6 ]]$train)"""
"1","
"
"1","[1]"
"1"," ""lm(formula=SalePrice~ MasVnrArea , data=dataList[[ 7 ]]$train)"""
"1","
"
"1","[1]"
"1"," ""lm(formula=SalePrice~ MasVnrArea , data=dataList[[ 8 ]]$train)"""
"1","
"
"1","[1]"
"1"," ""lm(formula=SalePrice~ MasVnrArea , data=dataList[[ 9 ]]$train)"""
"1","
"
"1","[1]"
"1"," ""lm(formula=SalePrice~ MasVnrArea , data=dataList[[ 10 ]]$train)"""
"1","
"
"1","[1]"
"1"," ""lm(formula=SalePrice~ BsmtFinSF1 , data=dataList[[ 1 ]]$train)"""
"1","
"
"1","[1]"
"1"," ""lm(formula=SalePrice~ BsmtFinSF1 , data=dataList[[ 2 ]]$train)"""
"1","
"
"1","[1]"
"1"," ""lm(formula=SalePrice~ BsmtFinSF1 , data=dataList[[ 3 ]]$train)"""
"1","
"
"1","[1]"
"1"," ""lm(formula=SalePrice~ BsmtFinSF1 , data=dataList[[ 4 ]]$train)"""
"1","
"
"1","[1]"
"1"," ""lm(formula=SalePrice~ BsmtFinSF1 , data=dataList[[ 5 ]]$train)"""
"1","
"
"1","[1]"
"1"," ""lm(formula=SalePrice~ BsmtFinSF1 , data=dataList[[ 6 ]]$train)"""
"1","
"
"1","[1]"
"1"," ""lm(formula=SalePrice~ BsmtFinSF1 , data=dataList[[ 7 ]]$train)"""
"1","
"
"1","[1]"
"1"," ""lm(formula=SalePrice~ BsmtFinSF1 , data=dataList[[ 8 ]]$train)"""
"1","
"
"1","[1]"
"1"," ""lm(formula=SalePrice~ BsmtFinSF1 , data=dataList[[ 9 ]]$train)"""
"1","
"
"1","[1]"
"1"," ""lm(formula=SalePrice~ BsmtFinSF1 , data=dataList[[ 10 ]]$train)"""
"1","
"
"1","[1]"
"1"," ""lm(formula=SalePrice~ BsmtUnfSF , data=dataList[[ 1 ]]$train)"""
"1","
"
"1","[1]"
"1"," ""lm(formula=SalePrice~ BsmtUnfSF , data=dataList[[ 2 ]]$train)"""
"1","
"
"1","[1]"
"1"," ""lm(formula=SalePrice~ BsmtUnfSF , data=dataList[[ 3 ]]$train)"""
"1","
"
"1","[1]"
"1"," ""lm(formula=SalePrice~ BsmtUnfSF , data=dataList[[ 4 ]]$train)"""
"1","
"
"1","[1]"
"1"," ""lm(formula=SalePrice~ BsmtUnfSF , data=dataList[[ 5 ]]$train)"""
"1","
"
"1","[1]"
"1"," ""lm(formula=SalePrice~ BsmtUnfSF , data=dataList[[ 6 ]]$train)"""
"1","
"
"1","[1]"
"1"," ""lm(formula=SalePrice~ BsmtUnfSF , data=dataList[[ 7 ]]$train)"""
"1","
"
"1","[1]"
"1"," ""lm(formula=SalePrice~ BsmtUnfSF , data=dataList[[ 8 ]]$train)"""
"1","
"
"1","[1]"
"1"," ""lm(formula=SalePrice~ BsmtUnfSF , data=dataList[[ 9 ]]$train)"""
"1","
"
"1","[1]"
"1"," ""lm(formula=SalePrice~ BsmtUnfSF , data=dataList[[ 10 ]]$train)"""
"1","
"
"1","[1]"
"1"," ""lm(formula=SalePrice~ CentralAir , data=dataList[[ 1 ]]$train)"""
"1","
"
"1","[1]"
"1"," ""lm(formula=SalePrice~ CentralAir , data=dataList[[ 2 ]]$train)"""
"1","
"
"1","[1]"
"1"," ""lm(formula=SalePrice~ CentralAir , data=dataList[[ 3 ]]$train)"""
"1","
"
"1","[1]"
"1"," ""lm(formula=SalePrice~ CentralAir , data=dataList[[ 4 ]]$train)"""
"1","
"
"1","[1]"
"1"," ""lm(formula=SalePrice~ CentralAir , data=dataList[[ 5 ]]$train)"""
"1","
"
"1","[1]"
"1"," ""lm(formula=SalePrice~ CentralAir , data=dataList[[ 6 ]]$train)"""
"1","
"
"1","[1]"
"1"," ""lm(formula=SalePrice~ CentralAir , data=dataList[[ 7 ]]$train)"""
"1","
"
"1","[1]"
"1"," ""lm(formula=SalePrice~ CentralAir , data=dataList[[ 8 ]]$train)"""
"1","
"
"1","[1]"
"1"," ""lm(formula=SalePrice~ CentralAir , data=dataList[[ 9 ]]$train)"""
"1","
"
"1","[1]"
"1"," ""lm(formula=SalePrice~ CentralAir , data=dataList[[ 10 ]]$train)"""
"1","
"
"1","[1]"
"1"," ""1 ___________________ GrLivArea _____ 6 _______ 56215.3327570572"""
"1","
"
"1","[1]"
"1"," ""lm(formula=SalePrice~ MSSubClass + GrLivArea , data=dataList[[ 1 ]]$train)"""
"1","
"
"1","[1]"
"1"," ""lm(formula=SalePrice~ MSSubClass + GrLivArea , data=dataList[[ 2 ]]$train)"""
"1","
"
"1","[1]"
"1"," ""lm(formula=SalePrice~ MSSubClass + GrLivArea , data=dataList[[ 3 ]]$train)"""
"1","
"
"1","[1]"
"1"," ""lm(formula=SalePrice~ MSSubClass + GrLivArea , data=dataList[[ 4 ]]$train)"""
"1","
"
"1","[1]"
"1"," ""lm(formula=SalePrice~ MSSubClass + GrLivArea , data=dataList[[ 5 ]]$train)"""
"1","
"
"1","[1]"
"1"," ""lm(formula=SalePrice~ MSSubClass + GrLivArea , data=dataList[[ 6 ]]$train)"""
"1","
"
"1","[1]"
"1"," ""lm(formula=SalePrice~ MSSubClass + GrLivArea , data=dataList[[ 7 ]]$train)"""
"1","
"
"1","[1]"
"1"," ""lm(formula=SalePrice~ MSSubClass + GrLivArea , data=dataList[[ 8 ]]$train)"""
"1","
"
"1","[1]"
"1"," ""lm(formula=SalePrice~ MSSubClass + GrLivArea , data=dataList[[ 9 ]]$train)"""
"1","
"
"1","[1]"
"1"," ""lm(formula=SalePrice~ MSSubClass + GrLivArea , data=dataList[[ 10 ]]$train)"""
"1","
"
"1","[1]"
"1"," ""lm(formula=SalePrice~ LotFrontage + GrLivArea , data=dataList[[ 1 ]]$train)"""
"1","
"
"1","[1]"
"1"," ""lm(formula=SalePrice~ LotFrontage + GrLivArea , data=dataList[[ 2 ]]$train)"""
"1","
"
"1","[1]"
"1"," ""lm(formula=SalePrice~ LotFrontage + GrLivArea , data=dataList[[ 3 ]]$train)"""
"1","
"
"1","[1]"
"1"," ""lm(formula=SalePrice~ LotFrontage + GrLivArea , data=dataList[[ 4 ]]$train)"""
"1","
"
"1","[1]"
"1"," ""lm(formula=SalePrice~ LotFrontage + GrLivArea , data=dataList[[ 5 ]]$train)"""
"1","
"
"1","[1]"
"1"," ""lm(formula=SalePrice~ LotFrontage + GrLivArea , data=dataList[[ 6 ]]$train)"""
"1","
"
"1","[1]"
"1"," ""lm(formula=SalePrice~ LotFrontage + GrLivArea , data=dataList[[ 7 ]]$train)"""
"1","
"
"1","[1]"
"1"," ""lm(formula=SalePrice~ LotFrontage + GrLivArea , data=dataList[[ 8 ]]$train)"""
"1","
"
"1","[1]"
"1"," ""lm(formula=SalePrice~ LotFrontage + GrLivArea , data=dataList[[ 9 ]]$train)"""
"1","
"
"1","[1]"
"1"," ""lm(formula=SalePrice~ LotFrontage + GrLivArea , data=dataList[[ 10 ]]$train)"""
"1","
"
"1","[1]"
"1"," ""lm(formula=SalePrice~ LotShape + GrLivArea , data=dataList[[ 1 ]]$train)"""
"1","
"
"1","[1]"
"1"," ""lm(formula=SalePrice~ LotShape + GrLivArea , data=dataList[[ 2 ]]$train)"""
"1","
"
"1","[1]"
"1"," ""lm(formula=SalePrice~ LotShape + GrLivArea , data=dataList[[ 3 ]]$train)"""
"1","
"
"1","[1]"
"1"," ""lm(formula=SalePrice~ LotShape + GrLivArea , data=dataList[[ 4 ]]$train)"""
"1","
"
"1","[1]"
"1"," ""lm(formula=SalePrice~ LotShape + GrLivArea , data=dataList[[ 5 ]]$train)"""
"1","
"
"1","[1]"
"1"," ""lm(formula=SalePrice~ LotShape + GrLivArea , data=dataList[[ 6 ]]$train)"""
"1","
"
"1","[1]"
"1"," ""lm(formula=SalePrice~ LotShape + GrLivArea , data=dataList[[ 7 ]]$train)"""
"1","
"
"1","[1]"
"1"," ""lm(formula=SalePrice~ LotShape + GrLivArea , data=dataList[[ 8 ]]$train)"""
"1","
"
"1","[1]"
"1"," ""lm(formula=SalePrice~ LotShape + GrLivArea , data=dataList[[ 9 ]]$train)"""
"1","
"
"1","[1]"
"1"," ""lm(formula=SalePrice~ LotShape + GrLivArea , data=dataList[[ 10 ]]$train)"""
"1","
"
"1","[1]"
"1"," ""lm(formula=SalePrice~ X1stFlrSF + GrLivArea , data=dataList[[ 1 ]]$train)"""
"1","
"
"1","[1]"
"1"," ""lm(formula=SalePrice~ X1stFlrSF + GrLivArea , data=dataList[[ 2 ]]$train)"""
"1","
"
"1","[1]"
"1"," ""lm(formula=SalePrice~ X1stFlrSF + GrLivArea , data=dataList[[ 3 ]]$train)"""
"1","
"
"1","[1]"
"1"," ""lm(formula=SalePrice~ X1stFlrSF + GrLivArea , data=dataList[[ 4 ]]$train)"""
"1","
"
"1","[1]"
"1"," ""lm(formula=SalePrice~ X1stFlrSF + GrLivArea , data=dataList[[ 5 ]]$train)"""
"1","
"
"1","[1]"
"1"," ""lm(formula=SalePrice~ X1stFlrSF + GrLivArea , data=dataList[[ 6 ]]$train)"""
"1","
"
"1","[1]"
"1"," ""lm(formula=SalePrice~ X1stFlrSF + GrLivArea , data=dataList[[ 7 ]]$train)"""
"1","
"
"1","[1]"
"1"," ""lm(formula=SalePrice~ X1stFlrSF + GrLivArea , data=dataList[[ 8 ]]$train)"""
"1","
"
"1","[1]"
"1"," ""lm(formula=SalePrice~ X1stFlrSF + GrLivArea , data=dataList[[ 9 ]]$train)"""
"1","
"
"1","[1]"
"1"," ""lm(formula=SalePrice~ X1stFlrSF + GrLivArea , data=dataList[[ 10 ]]$train)"""
"1","
"
"1","[1]"
"1"," ""lm(formula=SalePrice~ TotalBsmtSF + GrLivArea , data=dataList[[ 1 ]]$train)"""
"1","
"
"1","[1]"
"1"," ""lm(formula=SalePrice~ TotalBsmtSF + GrLivArea , data=dataList[[ 2 ]]$train)"""
"1","
"
"1","[1]"
"1"," ""lm(formula=SalePrice~ TotalBsmtSF + GrLivArea , data=dataList[[ 3 ]]$train)"""
"1","
"
"1","[1]"
"1"," ""lm(formula=SalePrice~ TotalBsmtSF + GrLivArea , data=dataList[[ 4 ]]$train)"""
"1","
"
"1","[1]"
"1"," ""lm(formula=SalePrice~ TotalBsmtSF + GrLivArea , data=dataList[[ 5 ]]$train)"""
"1","
"
"1","[1]"
"1"," ""lm(formula=SalePrice~ TotalBsmtSF + GrLivArea , data=dataList[[ 6 ]]$train)"""
"1","
"
"1","[1]"
"1"," ""lm(formula=SalePrice~ TotalBsmtSF + GrLivArea , data=dataList[[ 7 ]]$train)"""
"1","
"
"1","[1]"
"1"," ""lm(formula=SalePrice~ TotalBsmtSF + GrLivArea , data=dataList[[ 8 ]]$train)"""
"1","
"
"1","[1]"
"1"," ""lm(formula=SalePrice~ TotalBsmtSF + GrLivArea , data=dataList[[ 9 ]]$train)"""
"1","
"
"1","[1]"
"1"," ""lm(formula=SalePrice~ TotalBsmtSF + GrLivArea , data=dataList[[ 10 ]]$train)"""
"1","
"
"1","[1]"
"1"," ""lm(formula=SalePrice~ FireplaceQu + GrLivArea , data=dataList[[ 1 ]]$train)"""
"1","
"
"1","[1]"
"1"," ""lm(formula=SalePrice~ FireplaceQu + GrLivArea , data=dataList[[ 2 ]]$train)"""
"1","
"
"1","[1]"
"1"," ""lm(formula=SalePrice~ FireplaceQu + GrLivArea , data=dataList[[ 3 ]]$train)"""
"1","
"
"1","[1]"
"1"," ""lm(formula=SalePrice~ FireplaceQu + GrLivArea , data=dataList[[ 4 ]]$train)"""
"1","
"
"1","[1]"
"1"," ""lm(formula=SalePrice~ FireplaceQu + GrLivArea , data=dataList[[ 5 ]]$train)"""
"1","
"
"1","[1]"
"1"," ""lm(formula=SalePrice~ FireplaceQu + GrLivArea , data=dataList[[ 6 ]]$train)"""
"1","
"
"1","[1]"
"1"," ""lm(formula=SalePrice~ FireplaceQu + GrLivArea , data=dataList[[ 7 ]]$train)"""
"1","
"
"1","[1]"
"1"," ""lm(formula=SalePrice~ FireplaceQu + GrLivArea , data=dataList[[ 8 ]]$train)"""
"1","
"
"1","[1]"
"1"," ""lm(formula=SalePrice~ FireplaceQu + GrLivArea , data=dataList[[ 9 ]]$train)"""
"1","
"
"1","[1]"
"1"," ""lm(formula=SalePrice~ FireplaceQu + GrLivArea , data=dataList[[ 10 ]]$train)"""
"1","
"
"1","[1]"
"1"," ""lm(formula=SalePrice~ GarageArea + GrLivArea , data=dataList[[ 1 ]]$train)"""
"1","
"
"1","[1]"
"1"," ""lm(formula=SalePrice~ GarageArea + GrLivArea , data=dataList[[ 2 ]]$train)"""
"1","
"
"1","[1]"
"1"," ""lm(formula=SalePrice~ GarageArea + GrLivArea , data=dataList[[ 3 ]]$train)"""
"1","
"
"1","[1]"
"1"," ""lm(formula=SalePrice~ GarageArea + GrLivArea , data=dataList[[ 4 ]]$train)"""
"1","
"
"1","[1]"
"1"," ""lm(formula=SalePrice~ GarageArea + GrLivArea , data=dataList[[ 5 ]]$train)"""
"1","
"
"1","[1]"
"1"," ""lm(formula=SalePrice~ GarageArea + GrLivArea , data=dataList[[ 6 ]]$train)"""
"1","
"
"1","[1]"
"1"," ""lm(formula=SalePrice~ GarageArea + GrLivArea , data=dataList[[ 7 ]]$train)"""
"1","
"
"1","[1]"
"1"," ""lm(formula=SalePrice~ GarageArea + GrLivArea , data=dataList[[ 8 ]]$train)"""
"1","
"
"1","[1]"
"1"," ""lm(formula=SalePrice~ GarageArea + GrLivArea , data=dataList[[ 9 ]]$train)"""
"1","
"
"1","[1]"
"1"," ""lm(formula=SalePrice~ GarageArea + GrLivArea , data=dataList[[ 10 ]]$train)"""
"1","
"
"1","[1]"
"1"," ""lm(formula=SalePrice~ ExterQual + GrLivArea , data=dataList[[ 1 ]]$train)"""
"1","
"
"1","[1]"
"1"," ""lm(formula=SalePrice~ ExterQual + GrLivArea , data=dataList[[ 2 ]]$train)"""
"1","
"
"1","[1]"
"1"," ""lm(formula=SalePrice~ ExterQual + GrLivArea , data=dataList[[ 3 ]]$train)"""
"1","
"
"1","[1]"
"1"," ""lm(formula=SalePrice~ ExterQual + GrLivArea , data=dataList[[ 4 ]]$train)"""
"1","
"
"1","[1]"
"1"," ""lm(formula=SalePrice~ ExterQual + GrLivArea , data=dataList[[ 5 ]]$train)"""
"1","
"
"1","[1]"
"1"," ""lm(formula=SalePrice~ ExterQual + GrLivArea , data=dataList[[ 6 ]]$train)"""
"1","
"
"1","[1]"
"1"," ""lm(formula=SalePrice~ ExterQual + GrLivArea , data=dataList[[ 7 ]]$train)"""
"1","
"
"1","[1]"
"1"," ""lm(formula=SalePrice~ ExterQual + GrLivArea , data=dataList[[ 8 ]]$train)"""
"1","
"
"1","[1]"
"1"," ""lm(formula=SalePrice~ ExterQual + GrLivArea , data=dataList[[ 9 ]]$train)"""
"1","
"
"1","[1]"
"1"," ""lm(formula=SalePrice~ ExterQual + GrLivArea , data=dataList[[ 10 ]]$train)"""
"1","
"
"1","[1]"
"1"," ""lm(formula=SalePrice~ MasVnrArea + GrLivArea , data=dataList[[ 1 ]]$train)"""
"1","
"
"1","[1]"
"1"," ""lm(formula=SalePrice~ MasVnrArea + GrLivArea , data=dataList[[ 2 ]]$train)"""
"1","
"
"1","[1]"
"1"," ""lm(formula=SalePrice~ MasVnrArea + GrLivArea , data=dataList[[ 3 ]]$train)"""
"1","
"
"1","[1]"
"1"," ""lm(formula=SalePrice~ MasVnrArea + GrLivArea , data=dataList[[ 4 ]]$train)"""
"1","
"
"1","[1]"
"1"," ""lm(formula=SalePrice~ MasVnrArea + GrLivArea , data=dataList[[ 5 ]]$train)"""
"1","
"
"1","[1]"
"1"," ""lm(formula=SalePrice~ MasVnrArea + GrLivArea , data=dataList[[ 6 ]]$train)"""
"1","
"
"1","[1]"
"1"," ""lm(formula=SalePrice~ MasVnrArea + GrLivArea , data=dataList[[ 7 ]]$train)"""
"1","
"
"1","[1]"
"1"," ""lm(formula=SalePrice~ MasVnrArea + GrLivArea , data=dataList[[ 8 ]]$train)"""
"1","
"
"1","[1]"
"1"," ""lm(formula=SalePrice~ MasVnrArea + GrLivArea , data=dataList[[ 9 ]]$train)"""
"1","
"
"1","[1]"
"1"," ""lm(formula=SalePrice~ MasVnrArea + GrLivArea , data=dataList[[ 10 ]]$train)"""
"1","
"
"1","[1]"
"1"," ""lm(formula=SalePrice~ BsmtFinSF1 + GrLivArea , data=dataList[[ 1 ]]$train)"""
"1","
"
"1","[1]"
"1"," ""lm(formula=SalePrice~ BsmtFinSF1 + GrLivArea , data=dataList[[ 2 ]]$train)"""
"1","
"
"1","[1]"
"1"," ""lm(formula=SalePrice~ BsmtFinSF1 + GrLivArea , data=dataList[[ 3 ]]$train)"""
"1","
"
"1","[1]"
"1"," ""lm(formula=SalePrice~ BsmtFinSF1 + GrLivArea , data=dataList[[ 4 ]]$train)"""
"1","
"
"1","[1]"
"1"," ""lm(formula=SalePrice~ BsmtFinSF1 + GrLivArea , data=dataList[[ 5 ]]$train)"""
"1","
"
"1","[1]"
"1"," ""lm(formula=SalePrice~ BsmtFinSF1 + GrLivArea , data=dataList[[ 6 ]]$train)"""
"1","
"
"1","[1]"
"1"," ""lm(formula=SalePrice~ BsmtFinSF1 + GrLivArea , data=dataList[[ 7 ]]$train)"""
"1","
"
"1","[1]"
"1"," ""lm(formula=SalePrice~ BsmtFinSF1 + GrLivArea , data=dataList[[ 8 ]]$train)"""
"1","
"
"1","[1]"
"1"," ""lm(formula=SalePrice~ BsmtFinSF1 + GrLivArea , data=dataList[[ 9 ]]$train)"""
"1","
"
"1","[1]"
"1"," ""lm(formula=SalePrice~ BsmtFinSF1 + GrLivArea , data=dataList[[ 10 ]]$train)"""
"1","
"
"1","[1]"
"1"," ""lm(formula=SalePrice~ BsmtUnfSF + GrLivArea , data=dataList[[ 1 ]]$train)"""
"1","
"
"1","[1]"
"1"," ""lm(formula=SalePrice~ BsmtUnfSF + GrLivArea , data=dataList[[ 2 ]]$train)"""
"1","
"
"1","[1]"
"1"," ""lm(formula=SalePrice~ BsmtUnfSF + GrLivArea , data=dataList[[ 3 ]]$train)"""
"1","
"
"1","[1]"
"1"," ""lm(formula=SalePrice~ BsmtUnfSF + GrLivArea , data=dataList[[ 4 ]]$train)"""
"1","
"
"1","[1]"
"1"," ""lm(formula=SalePrice~ BsmtUnfSF + GrLivArea , data=dataList[[ 5 ]]$train)"""
"1","
"
"1","[1]"
"1"," ""lm(formula=SalePrice~ BsmtUnfSF + GrLivArea , data=dataList[[ 6 ]]$train)"""
"1","
"
"1","[1]"
"1"," ""lm(formula=SalePrice~ BsmtUnfSF + GrLivArea , data=dataList[[ 7 ]]$train)"""
"1","
"
"1","[1]"
"1"," ""lm(formula=SalePrice~ BsmtUnfSF + GrLivArea , data=dataList[[ 8 ]]$train)"""
"1","
"
"1","[1]"
"1"," ""lm(formula=SalePrice~ BsmtUnfSF + GrLivArea , data=dataList[[ 9 ]]$train)"""
"1","
"
"1","[1]"
"1"," ""lm(formula=SalePrice~ BsmtUnfSF + GrLivArea , data=dataList[[ 10 ]]$train)"""
"1","
"
"1","[1]"
"1"," ""lm(formula=SalePrice~ CentralAir + GrLivArea , data=dataList[[ 1 ]]$train)"""
"1","
"
"1","[1]"
"1"," ""lm(formula=SalePrice~ CentralAir + GrLivArea , data=dataList[[ 2 ]]$train)"""
"1","
"
"1","[1]"
"1"," ""lm(formula=SalePrice~ CentralAir + GrLivArea , data=dataList[[ 3 ]]$train)"""
"1","
"
"1","[1]"
"1"," ""lm(formula=SalePrice~ CentralAir + GrLivArea , data=dataList[[ 4 ]]$train)"""
"1","
"
"1","[1]"
"1"," ""lm(formula=SalePrice~ CentralAir + GrLivArea , data=dataList[[ 5 ]]$train)"""
"1","
"
"1","[1]"
"1"," ""lm(formula=SalePrice~ CentralAir + GrLivArea , data=dataList[[ 6 ]]$train)"""
"1","
"
"1","[1]"
"1"," ""lm(formula=SalePrice~ CentralAir + GrLivArea , data=dataList[[ 7 ]]$train)"""
"1","
"
"1","[1]"
"1"," ""lm(formula=SalePrice~ CentralAir + GrLivArea , data=dataList[[ 8 ]]$train)"""
"1","
"
"1","[1]"
"1"," ""lm(formula=SalePrice~ CentralAir + GrLivArea , data=dataList[[ 9 ]]$train)"""
"1","
"
"1","[1]"
"1"," ""lm(formula=SalePrice~ CentralAir + GrLivArea , data=dataList[[ 10 ]]$train)"""
"1","
"
"1","[1]"
"1"," ""ExterQual + GrLivArea"""
"1","
"
"1","[1]"
"1"," ""2 ___________________ ExterQual + GrLivArea _____ 8 _______ 45345.9910030832"""
"1","
"
"1","[1]"
"1"," ""lm(formula=SalePrice~ MSSubClass + ExterQual + GrLivArea , data=dataList[[ 1 ]]$train)"""
"1","
"
"1","[1]"
"1"," ""lm(formula=SalePrice~ MSSubClass + ExterQual + GrLivArea , data=dataList[[ 2 ]]$train)"""
"1","
"
"1","[1]"
"1"," ""lm(formula=SalePrice~ MSSubClass + ExterQual + GrLivArea , data=dataList[[ 3 ]]$train)"""
"1","
"
"1","[1]"
"1"," ""lm(formula=SalePrice~ MSSubClass + ExterQual + GrLivArea , data=dataList[[ 4 ]]$train)"""
"1","
"
"1","[1]"
"1"," ""lm(formula=SalePrice~ MSSubClass + ExterQual + GrLivArea , data=dataList[[ 5 ]]$train)"""
"1","
"
"1","[1]"
"1"," ""lm(formula=SalePrice~ MSSubClass + ExterQual + GrLivArea , data=dataList[[ 6 ]]$train)"""
"1","
"
"1","[1]"
"1"," ""lm(formula=SalePrice~ MSSubClass + ExterQual + GrLivArea , data=dataList[[ 7 ]]$train)"""
"1","
"
"1","[1]"
"1"," ""lm(formula=SalePrice~ MSSubClass + ExterQual + GrLivArea , data=dataList[[ 8 ]]$train)"""
"1","
"
"1","[1]"
"1"," ""lm(formula=SalePrice~ MSSubClass + ExterQual + GrLivArea , data=dataList[[ 9 ]]$train)"""
"1","
"
"1","[1]"
"1"," ""lm(formula=SalePrice~ MSSubClass + ExterQual + GrLivArea , data=dataList[[ 10 ]]$train)"""
"1","
"
"1","[1]"
"1"," ""lm(formula=SalePrice~ LotFrontage + ExterQual + GrLivArea , data=dataList[[ 1 ]]$train)"""
"1","
"
"1","[1]"
"1"," ""lm(formula=SalePrice~ LotFrontage + ExterQual + GrLivArea , data=dataList[[ 2 ]]$train)"""
"1","
"
"1","[1]"
"1"," ""lm(formula=SalePrice~ LotFrontage + ExterQual + GrLivArea , data=dataList[[ 3 ]]$train)"""
"1","
"
"1","[1]"
"1"," ""lm(formula=SalePrice~ LotFrontage + ExterQual + GrLivArea , data=dataList[[ 4 ]]$train)"""
"1","
"
"1","[1]"
"1"," ""lm(formula=SalePrice~ LotFrontage + ExterQual + GrLivArea , data=dataList[[ 5 ]]$train)"""
"1","
"
"1","[1]"
"1"," ""lm(formula=SalePrice~ LotFrontage + ExterQual + GrLivArea , data=dataList[[ 6 ]]$train)"""
"1","
"
"1","[1]"
"1"," ""lm(formula=SalePrice~ LotFrontage + ExterQual + GrLivArea , data=dataList[[ 7 ]]$train)"""
"1","
"
"1","[1]"
"1"," ""lm(formula=SalePrice~ LotFrontage + ExterQual + GrLivArea , data=dataList[[ 8 ]]$train)"""
"1","
"
"1","[1]"
"1"," ""lm(formula=SalePrice~ LotFrontage + ExterQual + GrLivArea , data=dataList[[ 9 ]]$train)"""
"1","
"
"1","[1]"
"1"," ""lm(formula=SalePrice~ LotFrontage + ExterQual + GrLivArea , data=dataList[[ 10 ]]$train)"""
"1","
"
"1","[1]"
"1"," ""lm(formula=SalePrice~ LotShape + ExterQual + GrLivArea , data=dataList[[ 1 ]]$train)"""
"1","
"
"1","[1]"
"1"," ""lm(formula=SalePrice~ LotShape + ExterQual + GrLivArea , data=dataList[[ 2 ]]$train)"""
"1","
"
"1","[1]"
"1"," ""lm(formula=SalePrice~ LotShape + ExterQual + GrLivArea , data=dataList[[ 3 ]]$train)"""
"1","
"
"1","[1]"
"1"," ""lm(formula=SalePrice~ LotShape + ExterQual + GrLivArea , data=dataList[[ 4 ]]$train)"""
"1","
"
"1","[1]"
"1"," ""lm(formula=SalePrice~ LotShape + ExterQual + GrLivArea , data=dataList[[ 5 ]]$train)"""
"1","
"
"1","[1]"
"1"," ""lm(formula=SalePrice~ LotShape + ExterQual + GrLivArea , data=dataList[[ 6 ]]$train)"""
"1","
"
"1","[1]"
"1"," ""lm(formula=SalePrice~ LotShape + ExterQual + GrLivArea , data=dataList[[ 7 ]]$train)"""
"1","
"
"1","[1]"
"1"," ""lm(formula=SalePrice~ LotShape + ExterQual + GrLivArea , data=dataList[[ 8 ]]$train)"""
"1","
"
"1","[1]"
"1"," ""lm(formula=SalePrice~ LotShape + ExterQual + GrLivArea , data=dataList[[ 9 ]]$train)"""
"1","
"
"1","[1]"
"1"," ""lm(formula=SalePrice~ LotShape + ExterQual + GrLivArea , data=dataList[[ 10 ]]$train)"""
"1","
"
"1","[1]"
"1"," ""lm(formula=SalePrice~ X1stFlrSF + ExterQual + GrLivArea , data=dataList[[ 1 ]]$train)"""
"1","
"
"1","[1]"
"1"," ""lm(formula=SalePrice~ X1stFlrSF + ExterQual + GrLivArea , data=dataList[[ 2 ]]$train)"""
"1","
"
"1","[1]"
"1"," ""lm(formula=SalePrice~ X1stFlrSF + ExterQual + GrLivArea , data=dataList[[ 3 ]]$train)"""
"1","
"
"1","[1]"
"1"," ""lm(formula=SalePrice~ X1stFlrSF + ExterQual + GrLivArea , data=dataList[[ 4 ]]$train)"""
"1","
"
"1","[1]"
"1"," ""lm(formula=SalePrice~ X1stFlrSF + ExterQual + GrLivArea , data=dataList[[ 5 ]]$train)"""
"1","
"
"1","[1]"
"1"," ""lm(formula=SalePrice~ X1stFlrSF + ExterQual + GrLivArea , data=dataList[[ 6 ]]$train)"""
"1","
"
"1","[1]"
"1"," ""lm(formula=SalePrice~ X1stFlrSF + ExterQual + GrLivArea , data=dataList[[ 7 ]]$train)"""
"1","
"
"1","[1]"
"1"," ""lm(formula=SalePrice~ X1stFlrSF + ExterQual + GrLivArea , data=dataList[[ 8 ]]$train)"""
"1","
"
"1","[1]"
"1"," ""lm(formula=SalePrice~ X1stFlrSF + ExterQual + GrLivArea , data=dataList[[ 9 ]]$train)"""
"1","
"
"1","[1]"
"1"," ""lm(formula=SalePrice~ X1stFlrSF + ExterQual + GrLivArea , data=dataList[[ 10 ]]$train)"""
"1","
"
"1","[1]"
"1"," ""lm(formula=SalePrice~ TotalBsmtSF + ExterQual + GrLivArea , data=dataList[[ 1 ]]$train)"""
"1","
"
"1","[1]"
"1"," ""lm(formula=SalePrice~ TotalBsmtSF + ExterQual + GrLivArea , data=dataList[[ 2 ]]$train)"""
"1","
"
"1","[1]"
"1"," ""lm(formula=SalePrice~ TotalBsmtSF + ExterQual + GrLivArea , data=dataList[[ 3 ]]$train)"""
"1","
"
"1","[1]"
"1"," ""lm(formula=SalePrice~ TotalBsmtSF + ExterQual + GrLivArea , data=dataList[[ 4 ]]$train)"""
"1","
"
"1","[1]"
"1"," ""lm(formula=SalePrice~ TotalBsmtSF + ExterQual + GrLivArea , data=dataList[[ 5 ]]$train)"""
"1","
"
"1","[1]"
"1"," ""lm(formula=SalePrice~ TotalBsmtSF + ExterQual + GrLivArea , data=dataList[[ 6 ]]$train)"""
"1","
"
"1","[1]"
"1"," ""lm(formula=SalePrice~ TotalBsmtSF + ExterQual + GrLivArea , data=dataList[[ 7 ]]$train)"""
"1","
"
"1","[1]"
"1"," ""lm(formula=SalePrice~ TotalBsmtSF + ExterQual + GrLivArea , data=dataList[[ 8 ]]$train)"""
"1","
"
"1","[1]"
"1"," ""lm(formula=SalePrice~ TotalBsmtSF + ExterQual + GrLivArea , data=dataList[[ 9 ]]$train)"""
"1","
"
"1","[1]"
"1"," ""lm(formula=SalePrice~ TotalBsmtSF + ExterQual + GrLivArea , data=dataList[[ 10 ]]$train)"""
"1","
"
"1","[1]"
"1"," ""lm(formula=SalePrice~ FireplaceQu + ExterQual + GrLivArea , data=dataList[[ 1 ]]$train)"""
"1","
"
"1","[1]"
"1"," ""lm(formula=SalePrice~ FireplaceQu + ExterQual + GrLivArea , data=dataList[[ 2 ]]$train)"""
"1","
"
"1","[1]"
"1"," ""lm(formula=SalePrice~ FireplaceQu + ExterQual + GrLivArea , data=dataList[[ 3 ]]$train)"""
"1","
"
"1","[1]"
"1"," ""lm(formula=SalePrice~ FireplaceQu + ExterQual + GrLivArea , data=dataList[[ 4 ]]$train)"""
"1","
"
"1","[1]"
"1"," ""lm(formula=SalePrice~ FireplaceQu + ExterQual + GrLivArea , data=dataList[[ 5 ]]$train)"""
"1","
"
"1","[1]"
"1"," ""lm(formula=SalePrice~ FireplaceQu + ExterQual + GrLivArea , data=dataList[[ 6 ]]$train)"""
"1","
"
"1","[1]"
"1"," ""lm(formula=SalePrice~ FireplaceQu + ExterQual + GrLivArea , data=dataList[[ 7 ]]$train)"""
"1","
"
"1","[1]"
"1"," ""lm(formula=SalePrice~ FireplaceQu + ExterQual + GrLivArea , data=dataList[[ 8 ]]$train)"""
"1","
"
"1","[1]"
"1"," ""lm(formula=SalePrice~ FireplaceQu + ExterQual + GrLivArea , data=dataList[[ 9 ]]$train)"""
"1","
"
"1","[1]"
"1"," ""lm(formula=SalePrice~ FireplaceQu + ExterQual + GrLivArea , data=dataList[[ 10 ]]$train)"""
"1","
"
"1","[1]"
"1"," ""lm(formula=SalePrice~ ExterQual + ExterQual + GrLivArea , data=dataList[[ 1 ]]$train)"""
"1","
"
"1","[1]"
"1"," ""lm(formula=SalePrice~ ExterQual + ExterQual + GrLivArea , data=dataList[[ 2 ]]$train)"""
"1","
"
"1","[1]"
"1"," ""lm(formula=SalePrice~ ExterQual + ExterQual + GrLivArea , data=dataList[[ 3 ]]$train)"""
"1","
"
"1","[1]"
"1"," ""lm(formula=SalePrice~ ExterQual + ExterQual + GrLivArea , data=dataList[[ 4 ]]$train)"""
"1","
"
"1","[1]"
"1"," ""lm(formula=SalePrice~ ExterQual + ExterQual + GrLivArea , data=dataList[[ 5 ]]$train)"""
"1","
"
"1","[1]"
"1"," ""lm(formula=SalePrice~ ExterQual + ExterQual + GrLivArea , data=dataList[[ 6 ]]$train)"""
"1","
"
"1","[1]"
"1"," ""lm(formula=SalePrice~ ExterQual + ExterQual + GrLivArea , data=dataList[[ 7 ]]$train)"""
"1","
"
"1","[1]"
"1"," ""lm(formula=SalePrice~ ExterQual + ExterQual + GrLivArea , data=dataList[[ 8 ]]$train)"""
"1","
"
"1","[1]"
"1"," ""lm(formula=SalePrice~ ExterQual + ExterQual + GrLivArea , data=dataList[[ 9 ]]$train)"""
"1","
"
"1","[1]"
"1"," ""lm(formula=SalePrice~ ExterQual + ExterQual + GrLivArea , data=dataList[[ 10 ]]$train)"""
"1","
"
"1","[1]"
"1"," ""lm(formula=SalePrice~ MasVnrArea + ExterQual + GrLivArea , data=dataList[[ 1 ]]$train)"""
"1","
"
"1","[1]"
"1"," ""lm(formula=SalePrice~ MasVnrArea + ExterQual + GrLivArea , data=dataList[[ 2 ]]$train)"""
"1","
"
"1","[1]"
"1"," ""lm(formula=SalePrice~ MasVnrArea + ExterQual + GrLivArea , data=dataList[[ 3 ]]$train)"""
"1","
"
"1","[1]"
"1"," ""lm(formula=SalePrice~ MasVnrArea + ExterQual + GrLivArea , data=dataList[[ 4 ]]$train)"""
"1","
"
"1","[1]"
"1"," ""lm(formula=SalePrice~ MasVnrArea + ExterQual + GrLivArea , data=dataList[[ 5 ]]$train)"""
"1","
"
"1","[1]"
"1"," ""lm(formula=SalePrice~ MasVnrArea + ExterQual + GrLivArea , data=dataList[[ 6 ]]$train)"""
"1","
"
"1","[1]"
"1"," ""lm(formula=SalePrice~ MasVnrArea + ExterQual + GrLivArea , data=dataList[[ 7 ]]$train)"""
"1","
"
"1","[1]"
"1"," ""lm(formula=SalePrice~ MasVnrArea + ExterQual + GrLivArea , data=dataList[[ 8 ]]$train)"""
"1","
"
"1","[1]"
"1"," ""lm(formula=SalePrice~ MasVnrArea + ExterQual + GrLivArea , data=dataList[[ 9 ]]$train)"""
"1","
"
"1","[1]"
"1"," ""lm(formula=SalePrice~ MasVnrArea + ExterQual + GrLivArea , data=dataList[[ 10 ]]$train)"""
"1","
"
"1","[1]"
"1"," ""lm(formula=SalePrice~ BsmtFinSF1 + ExterQual + GrLivArea , data=dataList[[ 1 ]]$train)"""
"1","
"
"1","[1]"
"1"," ""lm(formula=SalePrice~ BsmtFinSF1 + ExterQual + GrLivArea , data=dataList[[ 2 ]]$train)"""
"1","
"
"1","[1]"
"1"," ""lm(formula=SalePrice~ BsmtFinSF1 + ExterQual + GrLivArea , data=dataList[[ 3 ]]$train)"""
"1","
"
"1","[1]"
"1"," ""lm(formula=SalePrice~ BsmtFinSF1 + ExterQual + GrLivArea , data=dataList[[ 4 ]]$train)"""
"1","
"
"1","[1]"
"1"," ""lm(formula=SalePrice~ BsmtFinSF1 + ExterQual + GrLivArea , data=dataList[[ 5 ]]$train)"""
"1","
"
"1","[1]"
"1"," ""lm(formula=SalePrice~ BsmtFinSF1 + ExterQual + GrLivArea , data=dataList[[ 6 ]]$train)"""
"1","
"
"1","[1]"
"1"," ""lm(formula=SalePrice~ BsmtFinSF1 + ExterQual + GrLivArea , data=dataList[[ 7 ]]$train)"""
"1","
"
"1","[1]"
"1"," ""lm(formula=SalePrice~ BsmtFinSF1 + ExterQual + GrLivArea , data=dataList[[ 8 ]]$train)"""
"1","
"
"1","[1]"
"1"," ""lm(formula=SalePrice~ BsmtFinSF1 + ExterQual + GrLivArea , data=dataList[[ 9 ]]$train)"""
"1","
"
"1","[1]"
"1"," ""lm(formula=SalePrice~ BsmtFinSF1 + ExterQual + GrLivArea , data=dataList[[ 10 ]]$train)"""
"1","
"
"1","[1]"
"1"," ""lm(formula=SalePrice~ BsmtUnfSF + ExterQual + GrLivArea , data=dataList[[ 1 ]]$train)"""
"1","
"
"1","[1]"
"1"," ""lm(formula=SalePrice~ BsmtUnfSF + ExterQual + GrLivArea , data=dataList[[ 2 ]]$train)"""
"1","
"
"1","[1]"
"1"," ""lm(formula=SalePrice~ BsmtUnfSF + ExterQual + GrLivArea , data=dataList[[ 3 ]]$train)"""
"1","
"
"1","[1]"
"1"," ""lm(formula=SalePrice~ BsmtUnfSF + ExterQual + GrLivArea , data=dataList[[ 4 ]]$train)"""
"1","
"
"1","[1]"
"1"," ""lm(formula=SalePrice~ BsmtUnfSF + ExterQual + GrLivArea , data=dataList[[ 5 ]]$train)"""
"1","
"
"1","[1]"
"1"," ""lm(formula=SalePrice~ BsmtUnfSF + ExterQual + GrLivArea , data=dataList[[ 6 ]]$train)"""
"1","
"
"1","[1]"
"1"," ""lm(formula=SalePrice~ BsmtUnfSF + ExterQual + GrLivArea , data=dataList[[ 7 ]]$train)"""
"1","
"
"1","[1]"
"1"," ""lm(formula=SalePrice~ BsmtUnfSF + ExterQual + GrLivArea , data=dataList[[ 8 ]]$train)"""
"1","
"
"1","[1]"
"1"," ""lm(formula=SalePrice~ BsmtUnfSF + ExterQual + GrLivArea , data=dataList[[ 9 ]]$train)"""
"1","
"
"1","[1]"
"1"," ""lm(formula=SalePrice~ BsmtUnfSF + ExterQual + GrLivArea , data=dataList[[ 10 ]]$train)"""
"1","
"
"1","[1]"
"1"," ""lm(formula=SalePrice~ CentralAir + ExterQual + GrLivArea , data=dataList[[ 1 ]]$train)"""
"1","
"
"1","[1]"
"1"," ""lm(formula=SalePrice~ CentralAir + ExterQual + GrLivArea , data=dataList[[ 2 ]]$train)"""
"1","
"
"1","[1]"
"1"," ""lm(formula=SalePrice~ CentralAir + ExterQual + GrLivArea , data=dataList[[ 3 ]]$train)"""
"1","
"
"1","[1]"
"1"," ""lm(formula=SalePrice~ CentralAir + ExterQual + GrLivArea , data=dataList[[ 4 ]]$train)"""
"1","
"
"1","[1]"
"1"," ""lm(formula=SalePrice~ CentralAir + ExterQual + GrLivArea , data=dataList[[ 5 ]]$train)"""
"1","
"
"1","[1]"
"1"," ""lm(formula=SalePrice~ CentralAir + ExterQual + GrLivArea , data=dataList[[ 6 ]]$train)"""
"1","
"
"1","[1]"
"1"," ""lm(formula=SalePrice~ CentralAir + ExterQual + GrLivArea , data=dataList[[ 7 ]]$train)"""
"1","
"
"1","[1]"
"1"," ""lm(formula=SalePrice~ CentralAir + ExterQual + GrLivArea , data=dataList[[ 8 ]]$train)"""
"1","
"
"1","[1]"
"1"," ""lm(formula=SalePrice~ CentralAir + ExterQual + GrLivArea , data=dataList[[ 9 ]]$train)"""
"1","
"
"1","[1]"
"1"," ""lm(formula=SalePrice~ CentralAir + ExterQual + GrLivArea , data=dataList[[ 10 ]]$train)"""
"1","
"
"1","[1]"
"1"," ""TotalBsmtSF + ExterQual + GrLivArea"""
"1","
"
"1","[1]"
"1"," ""3 ___________________ TotalBsmtSF + ExterQual + GrLivArea _____ 5 _______ 42849.2687616064"""
"1","
"
"1","[1]"
"1"," ""lm(formula=SalePrice~ MSSubClass + TotalBsmtSF + ExterQual + GrLivArea , data=dataList[[ 1 ]]$train)"""
"1","
"
"1","[1]"
"1"," ""lm(formula=SalePrice~ MSSubClass + TotalBsmtSF + ExterQual + GrLivArea , data=dataList[[ 2 ]]$train)"""
"1","
"
"1","[1]"
"1"," ""lm(formula=SalePrice~ MSSubClass + TotalBsmtSF + ExterQual + GrLivArea , data=dataList[[ 3 ]]$train)"""
"1","
"
"1","[1]"
"1"," ""lm(formula=SalePrice~ MSSubClass + TotalBsmtSF + ExterQual + GrLivArea , data=dataList[[ 4 ]]$train)"""
"1","
"
"1","[1]"
"1"," ""lm(formula=SalePrice~ MSSubClass + TotalBsmtSF + ExterQual + GrLivArea , data=dataList[[ 5 ]]$train)"""
"1","
"
"1","[1]"
"1"," ""lm(formula=SalePrice~ MSSubClass + TotalBsmtSF + ExterQual + GrLivArea , data=dataList[[ 6 ]]$train)"""
"1","
"
"1","[1]"
"1"," ""lm(formula=SalePrice~ MSSubClass + TotalBsmtSF + ExterQual + GrLivArea , data=dataList[[ 7 ]]$train)"""
"1","
"
"1","[1]"
"1"," ""lm(formula=SalePrice~ MSSubClass + TotalBsmtSF + ExterQual + GrLivArea , data=dataList[[ 8 ]]$train)"""
"1","
"
"1","[1]"
"1"," ""lm(formula=SalePrice~ MSSubClass + TotalBsmtSF + ExterQual + GrLivArea , data=dataList[[ 9 ]]$train)"""
"1","
"
"1","[1]"
"1"," ""lm(formula=SalePrice~ MSSubClass + TotalBsmtSF + ExterQual + GrLivArea , data=dataList[[ 10 ]]$train)"""
"1","
"
"1","[1]"
"1"," ""lm(formula=SalePrice~ LotFrontage + TotalBsmtSF + ExterQual + GrLivArea , data=dataList[[ 1 ]]$train)"""
"1","
"
"1","[1]"
"1"," ""lm(formula=SalePrice~ LotFrontage + TotalBsmtSF + ExterQual + GrLivArea , data=dataList[[ 2 ]]$train)"""
"1","
"
"1","[1]"
"1"," ""lm(formula=SalePrice~ LotFrontage + TotalBsmtSF + ExterQual + GrLivArea , data=dataList[[ 3 ]]$train)"""
"1","
"
"1","[1]"
"1"," ""lm(formula=SalePrice~ LotFrontage + TotalBsmtSF + ExterQual + GrLivArea , data=dataList[[ 4 ]]$train)"""
"1","
"
"1","[1]"
"1"," ""lm(formula=SalePrice~ LotFrontage + TotalBsmtSF + ExterQual + GrLivArea , data=dataList[[ 5 ]]$train)"""
"1","
"
"1","[1]"
"1"," ""lm(formula=SalePrice~ LotFrontage + TotalBsmtSF + ExterQual + GrLivArea , data=dataList[[ 6 ]]$train)"""
"1","
"
"1","[1]"
"1"," ""lm(formula=SalePrice~ LotFrontage + TotalBsmtSF + ExterQual + GrLivArea , data=dataList[[ 7 ]]$train)"""
"1","
"
"1","[1]"
"1"," ""lm(formula=SalePrice~ LotFrontage + TotalBsmtSF + ExterQual + GrLivArea , data=dataList[[ 8 ]]$train)"""
"1","
"
"1","[1]"
"1"," ""lm(formula=SalePrice~ LotFrontage + TotalBsmtSF + ExterQual + GrLivArea , data=dataList[[ 9 ]]$train)"""
"1","
"
"1","[1]"
"1"," ""lm(formula=SalePrice~ LotFrontage + TotalBsmtSF + ExterQual + GrLivArea , data=dataList[[ 10 ]]$train)"""
"1","
"
"1","[1]"
"1"," ""lm(formula=SalePrice~ LotShape + TotalBsmtSF + ExterQual + GrLivArea , data=dataList[[ 1 ]]$train)"""
"1","
"
"1","[1]"
"1"," ""lm(formula=SalePrice~ LotShape + TotalBsmtSF + ExterQual + GrLivArea , data=dataList[[ 2 ]]$train)"""
"1","
"
"1","[1]"
"1"," ""lm(formula=SalePrice~ LotShape + TotalBsmtSF + ExterQual + GrLivArea , data=dataList[[ 3 ]]$train)"""
"1","
"
"1","[1]"
"1"," ""lm(formula=SalePrice~ LotShape + TotalBsmtSF + ExterQual + GrLivArea , data=dataList[[ 4 ]]$train)"""
"1","
"
"1","[1]"
"1"," ""lm(formula=SalePrice~ LotShape + TotalBsmtSF + ExterQual + GrLivArea , data=dataList[[ 5 ]]$train)"""
"1","
"
"1","[1]"
"1"," ""lm(formula=SalePrice~ LotShape + TotalBsmtSF + ExterQual + GrLivArea , data=dataList[[ 6 ]]$train)"""
"1","
"
"1","[1]"
"1"," ""lm(formula=SalePrice~ LotShape + TotalBsmtSF + ExterQual + GrLivArea , data=dataList[[ 7 ]]$train)"""
"1","
"
"1","[1]"
"1"," ""lm(formula=SalePrice~ LotShape + TotalBsmtSF + ExterQual + GrLivArea , data=dataList[[ 8 ]]$train)"""
"1","
"
"1","[1]"
"1"," ""lm(formula=SalePrice~ LotShape + TotalBsmtSF + ExterQual + GrLivArea , data=dataList[[ 9 ]]$train)"""
"1","
"
"1","[1]"
"1"," ""lm(formula=SalePrice~ LotShape + TotalBsmtSF + ExterQual + GrLivArea , data=dataList[[ 10 ]]$train)"""
"1","
"
"1","[1]"
"1"," ""lm(formula=SalePrice~ X1stFlrSF + TotalBsmtSF + ExterQual + GrLivArea , data=dataList[[ 1 ]]$train)"""
"1","
"
"1","[1]"
"1"," ""lm(formula=SalePrice~ X1stFlrSF + TotalBsmtSF + ExterQual + GrLivArea , data=dataList[[ 2 ]]$train)"""
"1","
"
"1","[1]"
"1"," ""lm(formula=SalePrice~ X1stFlrSF + TotalBsmtSF + ExterQual + GrLivArea , data=dataList[[ 3 ]]$train)"""
"1","
"
"1","[1]"
"1"," ""lm(formula=SalePrice~ X1stFlrSF + TotalBsmtSF + ExterQual + GrLivArea , data=dataList[[ 4 ]]$train)"""
"1","
"
"1","[1]"
"1"," ""lm(formula=SalePrice~ X1stFlrSF + TotalBsmtSF + ExterQual + GrLivArea , data=dataList[[ 5 ]]$train)"""
"1","
"
"1","[1]"
"1"," ""lm(formula=SalePrice~ X1stFlrSF + TotalBsmtSF + ExterQual + GrLivArea , data=dataList[[ 6 ]]$train)"""
"1","
"
"1","[1]"
"1"," ""lm(formula=SalePrice~ X1stFlrSF + TotalBsmtSF + ExterQual + GrLivArea , data=dataList[[ 7 ]]$train)"""
"1","
"
"1","[1]"
"1"," ""lm(formula=SalePrice~ X1stFlrSF + TotalBsmtSF + ExterQual + GrLivArea , data=dataList[[ 8 ]]$train)"""
"1","
"
"1","[1]"
"1"," ""lm(formula=SalePrice~ X1stFlrSF + TotalBsmtSF + ExterQual + GrLivArea , data=dataList[[ 9 ]]$train)"""
"1","
"
"1","[1]"
"1"," ""lm(formula=SalePrice~ X1stFlrSF + TotalBsmtSF + ExterQual + GrLivArea , data=dataList[[ 10 ]]$train)"""
"1","
"
"1","[1]"
"1"," ""lm(formula=SalePrice~ FireplaceQu + TotalBsmtSF + ExterQual + GrLivArea , data=dataList[[ 1 ]]$train)"""
"1","
"
"1","[1]"
"1"," ""lm(formula=SalePrice~ FireplaceQu + TotalBsmtSF + ExterQual + GrLivArea , data=dataList[[ 2 ]]$train)"""
"1","
"
"1","[1]"
"1"," ""lm(formula=SalePrice~ FireplaceQu + TotalBsmtSF + ExterQual + GrLivArea , data=dataList[[ 3 ]]$train)"""
"1","
"
"1","[1]"
"1"," ""lm(formula=SalePrice~ FireplaceQu + TotalBsmtSF + ExterQual + GrLivArea , data=dataList[[ 4 ]]$train)"""
"1","
"
"1","[1]"
"1"," ""lm(formula=SalePrice~ FireplaceQu + TotalBsmtSF + ExterQual + GrLivArea , data=dataList[[ 5 ]]$train)"""
"1","
"
"1","[1]"
"1"," ""lm(formula=SalePrice~ FireplaceQu + TotalBsmtSF + ExterQual + GrLivArea , data=dataList[[ 6 ]]$train)"""
"1","
"
"1","[1]"
"1"," ""lm(formula=SalePrice~ FireplaceQu + TotalBsmtSF + ExterQual + GrLivArea , data=dataList[[ 7 ]]$train)"""
"1","
"
"1","[1]"
"1"," ""lm(formula=SalePrice~ FireplaceQu + TotalBsmtSF + ExterQual + GrLivArea , data=dataList[[ 8 ]]$train)"""
"1","
"
"1","[1]"
"1"," ""lm(formula=SalePrice~ FireplaceQu + TotalBsmtSF + ExterQual + GrLivArea , data=dataList[[ 9 ]]$train)"""
"1","
"
"1","[1]"
"1"," ""lm(formula=SalePrice~ FireplaceQu + TotalBsmtSF + ExterQual + GrLivArea , data=dataList[[ 10 ]]$train)"""
"1","
"
"1","[1]"
"1"," ""lm(formula=SalePrice~ ExterQual + TotalBsmtSF + ExterQual + GrLivArea , data=dataList[[ 1 ]]$train)"""
"1","
"
"1","[1]"
"1"," ""lm(formula=SalePrice~ ExterQual + TotalBsmtSF + ExterQual + GrLivArea , data=dataList[[ 2 ]]$train)"""
"1","
"
"1","[1]"
"1"," ""lm(formula=SalePrice~ ExterQual + TotalBsmtSF + ExterQual + GrLivArea , data=dataList[[ 3 ]]$train)"""
"1","
"
"1","[1]"
"1"," ""lm(formula=SalePrice~ ExterQual + TotalBsmtSF + ExterQual + GrLivArea , data=dataList[[ 4 ]]$train)"""
"1","
"
"1","[1]"
"1"," ""lm(formula=SalePrice~ ExterQual + TotalBsmtSF + ExterQual + GrLivArea , data=dataList[[ 5 ]]$train)"""
"1","
"
"1","[1]"
"1"," ""lm(formula=SalePrice~ ExterQual + TotalBsmtSF + ExterQual + GrLivArea , data=dataList[[ 6 ]]$train)"""
"1","
"
"1","[1]"
"1"," ""lm(formula=SalePrice~ ExterQual + TotalBsmtSF + ExterQual + GrLivArea , data=dataList[[ 7 ]]$train)"""
"1","
"
"1","[1]"
"1"," ""lm(formula=SalePrice~ ExterQual + TotalBsmtSF + ExterQual + GrLivArea , data=dataList[[ 8 ]]$train)"""
"1","
"
"1","[1]"
"1"," ""lm(formula=SalePrice~ ExterQual + TotalBsmtSF + ExterQual + GrLivArea , data=dataList[[ 9 ]]$train)"""
"1","
"
"1","[1]"
"1"," ""lm(formula=SalePrice~ ExterQual + TotalBsmtSF + ExterQual + GrLivArea , data=dataList[[ 10 ]]$train)"""
"1","
"
"1","[1]"
"1"," ""lm(formula=SalePrice~ MasVnrArea + TotalBsmtSF + ExterQual + GrLivArea , data=dataList[[ 1 ]]$train)"""
"1","
"
"1","[1]"
"1"," ""lm(formula=SalePrice~ MasVnrArea + TotalBsmtSF + ExterQual + GrLivArea , data=dataList[[ 2 ]]$train)"""
"1","
"
"1","[1]"
"1"," ""lm(formula=SalePrice~ MasVnrArea + TotalBsmtSF + ExterQual + GrLivArea , data=dataList[[ 3 ]]$train)"""
"1","
"
"1","[1]"
"1"," ""lm(formula=SalePrice~ MasVnrArea + TotalBsmtSF + ExterQual + GrLivArea , data=dataList[[ 4 ]]$train)"""
"1","
"
"1","[1]"
"1"," ""lm(formula=SalePrice~ MasVnrArea + TotalBsmtSF + ExterQual + GrLivArea , data=dataList[[ 5 ]]$train)"""
"1","
"
"1","[1]"
"1"," ""lm(formula=SalePrice~ MasVnrArea + TotalBsmtSF + ExterQual + GrLivArea , data=dataList[[ 6 ]]$train)"""
"1","
"
"1","[1]"
"1"," ""lm(formula=SalePrice~ MasVnrArea + TotalBsmtSF + ExterQual + GrLivArea , data=dataList[[ 7 ]]$train)"""
"1","
"
"1","[1]"
"1"," ""lm(formula=SalePrice~ MasVnrArea + TotalBsmtSF + ExterQual + GrLivArea , data=dataList[[ 8 ]]$train)"""
"1","
"
"1","[1]"
"1"," ""lm(formula=SalePrice~ MasVnrArea + TotalBsmtSF + ExterQual + GrLivArea , data=dataList[[ 9 ]]$train)"""
"1","
"
"1","[1]"
"1"," ""lm(formula=SalePrice~ MasVnrArea + TotalBsmtSF + ExterQual + GrLivArea , data=dataList[[ 10 ]]$train)"""
"1","
"
"1","[1]"
"1"," ""lm(formula=SalePrice~ BsmtFinSF1 + TotalBsmtSF + ExterQual + GrLivArea , data=dataList[[ 1 ]]$train)"""
"1","
"
"1","[1]"
"1"," ""lm(formula=SalePrice~ BsmtFinSF1 + TotalBsmtSF + ExterQual + GrLivArea , data=dataList[[ 2 ]]$train)"""
"1","
"
"1","[1]"
"1"," ""lm(formula=SalePrice~ BsmtFinSF1 + TotalBsmtSF + ExterQual + GrLivArea , data=dataList[[ 3 ]]$train)"""
"1","
"
"1","[1]"
"1"," ""lm(formula=SalePrice~ BsmtFinSF1 + TotalBsmtSF + ExterQual + GrLivArea , data=dataList[[ 4 ]]$train)"""
"1","
"
"1","[1]"
"1"," ""lm(formula=SalePrice~ BsmtFinSF1 + TotalBsmtSF + ExterQual + GrLivArea , data=dataList[[ 5 ]]$train)"""
"1","
"
"1","[1]"
"1"," ""lm(formula=SalePrice~ BsmtFinSF1 + TotalBsmtSF + ExterQual + GrLivArea , data=dataList[[ 6 ]]$train)"""
"1","
"
"1","[1]"
"1"," ""lm(formula=SalePrice~ BsmtFinSF1 + TotalBsmtSF + ExterQual + GrLivArea , data=dataList[[ 7 ]]$train)"""
"1","
"
"1","[1]"
"1"," ""lm(formula=SalePrice~ BsmtFinSF1 + TotalBsmtSF + ExterQual + GrLivArea , data=dataList[[ 8 ]]$train)"""
"1","
"
"1","[1]"
"1"," ""lm(formula=SalePrice~ BsmtFinSF1 + TotalBsmtSF + ExterQual + GrLivArea , data=dataList[[ 9 ]]$train)"""
"1","
"
"1","[1]"
"1"," ""lm(formula=SalePrice~ BsmtFinSF1 + TotalBsmtSF + ExterQual + GrLivArea , data=dataList[[ 10 ]]$train)"""
"1","
"
"1","[1]"
"1"," ""lm(formula=SalePrice~ BsmtUnfSF + TotalBsmtSF + ExterQual + GrLivArea , data=dataList[[ 1 ]]$train)"""
"1","
"
"1","[1]"
"1"," ""lm(formula=SalePrice~ BsmtUnfSF + TotalBsmtSF + ExterQual + GrLivArea , data=dataList[[ 2 ]]$train)"""
"1","
"
"1","[1]"
"1"," ""lm(formula=SalePrice~ BsmtUnfSF + TotalBsmtSF + ExterQual + GrLivArea , data=dataList[[ 3 ]]$train)"""
"1","
"
"1","[1]"
"1"," ""lm(formula=SalePrice~ BsmtUnfSF + TotalBsmtSF + ExterQual + GrLivArea , data=dataList[[ 4 ]]$train)"""
"1","
"
"1","[1]"
"1"," ""lm(formula=SalePrice~ BsmtUnfSF + TotalBsmtSF + ExterQual + GrLivArea , data=dataList[[ 5 ]]$train)"""
"1","
"
"1","[1]"
"1"," ""lm(formula=SalePrice~ BsmtUnfSF + TotalBsmtSF + ExterQual + GrLivArea , data=dataList[[ 6 ]]$train)"""
"1","
"
"1","[1]"
"1"," ""lm(formula=SalePrice~ BsmtUnfSF + TotalBsmtSF + ExterQual + GrLivArea , data=dataList[[ 7 ]]$train)"""
"1","
"
"1","[1]"
"1"," ""lm(formula=SalePrice~ BsmtUnfSF + TotalBsmtSF + ExterQual + GrLivArea , data=dataList[[ 8 ]]$train)"""
"1","
"
"1","[1]"
"1"," ""lm(formula=SalePrice~ BsmtUnfSF + TotalBsmtSF + ExterQual + GrLivArea , data=dataList[[ 9 ]]$train)"""
"1","
"
"1","[1]"
"1"," ""lm(formula=SalePrice~ BsmtUnfSF + TotalBsmtSF + ExterQual + GrLivArea , data=dataList[[ 10 ]]$train)"""
"1","
"
"1","[1]"
"1"," ""lm(formula=SalePrice~ CentralAir + TotalBsmtSF + ExterQual + GrLivArea , data=dataList[[ 1 ]]$train)"""
"1","
"
"1","[1]"
"1"," ""lm(formula=SalePrice~ CentralAir + TotalBsmtSF + ExterQual + GrLivArea , data=dataList[[ 2 ]]$train)"""
"1","
"
"1","[1]"
"1"," ""lm(formula=SalePrice~ CentralAir + TotalBsmtSF + ExterQual + GrLivArea , data=dataList[[ 3 ]]$train)"""
"1","
"
"1","[1]"
"1"," ""lm(formula=SalePrice~ CentralAir + TotalBsmtSF + ExterQual + GrLivArea , data=dataList[[ 4 ]]$train)"""
"1","
"
"1","[1]"
"1"," ""lm(formula=SalePrice~ CentralAir + TotalBsmtSF + ExterQual + GrLivArea , data=dataList[[ 5 ]]$train)"""
"1","
"
"1","[1]"
"1"," ""lm(formula=SalePrice~ CentralAir + TotalBsmtSF + ExterQual + GrLivArea , data=dataList[[ 6 ]]$train)"""
"1","
"
"1","[1]"
"1"," ""lm(formula=SalePrice~ CentralAir + TotalBsmtSF + ExterQual + GrLivArea , data=dataList[[ 7 ]]$train)"""
"1","
"
"1","[1]"
"1"," ""lm(formula=SalePrice~ CentralAir + TotalBsmtSF + ExterQual + GrLivArea , data=dataList[[ 8 ]]$train)"""
"1","
"
"1","[1]"
"1"," ""lm(formula=SalePrice~ CentralAir + TotalBsmtSF + ExterQual + GrLivArea , data=dataList[[ 9 ]]$train)"""
"1","
"
"1","[1]"
"1"," ""lm(formula=SalePrice~ CentralAir + TotalBsmtSF + ExterQual + GrLivArea , data=dataList[[ 10 ]]$train)"""
"1","
"
"1","[1]"
"1"," ""BsmtFinSF1 + TotalBsmtSF + ExterQual + GrLivArea"""
"1","
"
"1","[1]"
"1"," ""4 ___________________ BsmtFinSF1 + TotalBsmtSF + ExterQual + GrLivArea _____ 8 _______ 42016.945737904"""
"1","
"
"1","[1]"
"1"," ""lm(formula=SalePrice~ MSSubClass + BsmtFinSF1 + TotalBsmtSF + ExterQual + GrLivArea , data=dataList[[ 1 ]]$train)"""
"1","
"
"1","[1]"
"1"," ""lm(formula=SalePrice~ MSSubClass + BsmtFinSF1 + TotalBsmtSF + ExterQual + GrLivArea , data=dataList[[ 2 ]]$train)"""
"1","
"
"1","[1]"
"1"," ""lm(formula=SalePrice~ MSSubClass + BsmtFinSF1 + TotalBsmtSF + ExterQual + GrLivArea , data=dataList[[ 3 ]]$train)"""
"1","
"
"1","[1]"
"1"," ""lm(formula=SalePrice~ MSSubClass + BsmtFinSF1 + TotalBsmtSF + ExterQual + GrLivArea , data=dataList[[ 4 ]]$train)"""
"1","
"
"1","[1]"
"1"," ""lm(formula=SalePrice~ MSSubClass + BsmtFinSF1 + TotalBsmtSF + ExterQual + GrLivArea , data=dataList[[ 5 ]]$train)"""
"1","
"
"1","[1]"
"1"," ""lm(formula=SalePrice~ MSSubClass + BsmtFinSF1 + TotalBsmtSF + ExterQual + GrLivArea , data=dataList[[ 6 ]]$train)"""
"1","
"
"1","[1]"
"1"," ""lm(formula=SalePrice~ MSSubClass + BsmtFinSF1 + TotalBsmtSF + ExterQual + GrLivArea , data=dataList[[ 7 ]]$train)"""
"1","
"
"1","[1]"
"1"," ""lm(formula=SalePrice~ MSSubClass + BsmtFinSF1 + TotalBsmtSF + ExterQual + GrLivArea , data=dataList[[ 8 ]]$train)"""
"1","
"
"1","[1]"
"1"," ""lm(formula=SalePrice~ MSSubClass + BsmtFinSF1 + TotalBsmtSF + ExterQual + GrLivArea , data=dataList[[ 9 ]]$train)"""
"1","
"
"1","[1]"
"1"," ""lm(formula=SalePrice~ MSSubClass + BsmtFinSF1 + TotalBsmtSF + ExterQual + GrLivArea , data=dataList[[ 10 ]]$train)"""
"1","
"
"1","[1]"
"1"," ""lm(formula=SalePrice~ LotFrontage + BsmtFinSF1 + TotalBsmtSF + ExterQual + GrLivArea , data=dataList[[ 1 ]]$train)"""
"1","
"
"1","[1]"
"1"," ""lm(formula=SalePrice~ LotFrontage + BsmtFinSF1 + TotalBsmtSF + ExterQual + GrLivArea , data=dataList[[ 2 ]]$train)"""
"1","
"
"1","[1]"
"1"," ""lm(formula=SalePrice~ LotFrontage + BsmtFinSF1 + TotalBsmtSF + ExterQual + GrLivArea , data=dataList[[ 3 ]]$train)"""
"1","
"
"1","[1]"
"1"," ""lm(formula=SalePrice~ LotFrontage + BsmtFinSF1 + TotalBsmtSF + ExterQual + GrLivArea , data=dataList[[ 4 ]]$train)"""
"1","
"
"1","[1]"
"1"," ""lm(formula=SalePrice~ LotFrontage + BsmtFinSF1 + TotalBsmtSF + ExterQual + GrLivArea , data=dataList[[ 5 ]]$train)"""
"1","
"
"1","[1]"
"1"," ""lm(formula=SalePrice~ LotFrontage + BsmtFinSF1 + TotalBsmtSF + ExterQual + GrLivArea , data=dataList[[ 6 ]]$train)"""
"1","
"
"1","[1]"
"1"," ""lm(formula=SalePrice~ LotFrontage + BsmtFinSF1 + TotalBsmtSF + ExterQual + GrLivArea , data=dataList[[ 7 ]]$train)"""
"1","
"
"1","[1]"
"1"," ""lm(formula=SalePrice~ LotFrontage + BsmtFinSF1 + TotalBsmtSF + ExterQual + GrLivArea , data=dataList[[ 8 ]]$train)"""
"1","
"
"1","[1]"
"1"," ""lm(formula=SalePrice~ LotFrontage + BsmtFinSF1 + TotalBsmtSF + ExterQual + GrLivArea , data=dataList[[ 9 ]]$train)"""
"1","
"
"1","[1]"
"1"," ""lm(formula=SalePrice~ LotFrontage + BsmtFinSF1 + TotalBsmtSF + ExterQual + GrLivArea , data=dataList[[ 10 ]]$train)"""
"1","
"
"1","[1]"
"1"," ""lm(formula=SalePrice~ LotShape + BsmtFinSF1 + TotalBsmtSF + ExterQual + GrLivArea , data=dataList[[ 1 ]]$train)"""
"1","
"
"1","[1]"
"1"," ""lm(formula=SalePrice~ LotShape + BsmtFinSF1 + TotalBsmtSF + ExterQual + GrLivArea , data=dataList[[ 2 ]]$train)"""
"1","
"
"1","[1]"
"1"," ""lm(formula=SalePrice~ LotShape + BsmtFinSF1 + TotalBsmtSF + ExterQual + GrLivArea , data=dataList[[ 3 ]]$train)"""
"1","
"
"1","[1]"
"1"," ""lm(formula=SalePrice~ LotShape + BsmtFinSF1 + TotalBsmtSF + ExterQual + GrLivArea , data=dataList[[ 4 ]]$train)"""
"1","
"
"1","[1]"
"1"," ""lm(formula=SalePrice~ LotShape + BsmtFinSF1 + TotalBsmtSF + ExterQual + GrLivArea , data=dataList[[ 5 ]]$train)"""
"1","
"
"1","[1]"
"1"," ""lm(formula=SalePrice~ LotShape + BsmtFinSF1 + TotalBsmtSF + ExterQual + GrLivArea , data=dataList[[ 6 ]]$train)"""
"1","
"
"1","[1]"
"1"," ""lm(formula=SalePrice~ LotShape + BsmtFinSF1 + TotalBsmtSF + ExterQual + GrLivArea , data=dataList[[ 7 ]]$train)"""
"1","
"
"1","[1]"
"1"," ""lm(formula=SalePrice~ LotShape + BsmtFinSF1 + TotalBsmtSF + ExterQual + GrLivArea , data=dataList[[ 8 ]]$train)"""
"1","
"
"1","[1]"
"1"," ""lm(formula=SalePrice~ LotShape + BsmtFinSF1 + TotalBsmtSF + ExterQual + GrLivArea , data=dataList[[ 9 ]]$train)"""
"1","
"
"1","[1]"
"1"," ""lm(formula=SalePrice~ LotShape + BsmtFinSF1 + TotalBsmtSF + ExterQual + GrLivArea , data=dataList[[ 10 ]]$train)"""
"1","
"
"1","[1]"
"1"," ""lm(formula=SalePrice~ X1stFlrSF + BsmtFinSF1 + TotalBsmtSF + ExterQual + GrLivArea , data=dataList[[ 1 ]]$train)"""
"1","
"
"1","[1]"
"1"," ""lm(formula=SalePrice~ X1stFlrSF + BsmtFinSF1 + TotalBsmtSF + ExterQual + GrLivArea , data=dataList[[ 2 ]]$train)"""
"1","
"
"1","[1]"
"1"," ""lm(formula=SalePrice~ X1stFlrSF + BsmtFinSF1 + TotalBsmtSF + ExterQual + GrLivArea , data=dataList[[ 3 ]]$train)"""
"1","
"
"1","[1]"
"1"," ""lm(formula=SalePrice~ X1stFlrSF + BsmtFinSF1 + TotalBsmtSF + ExterQual + GrLivArea , data=dataList[[ 4 ]]$train)"""
"1","
"
"1","[1]"
"1"," ""lm(formula=SalePrice~ X1stFlrSF + BsmtFinSF1 + TotalBsmtSF + ExterQual + GrLivArea , data=dataList[[ 5 ]]$train)"""
"1","
"
"1","[1]"
"1"," ""lm(formula=SalePrice~ X1stFlrSF + BsmtFinSF1 + TotalBsmtSF + ExterQual + GrLivArea , data=dataList[[ 6 ]]$train)"""
"1","
"
"1","[1]"
"1"," ""lm(formula=SalePrice~ X1stFlrSF + BsmtFinSF1 + TotalBsmtSF + ExterQual + GrLivArea , data=dataList[[ 7 ]]$train)"""
"1","
"
"1","[1]"
"1"," ""lm(formula=SalePrice~ X1stFlrSF + BsmtFinSF1 + TotalBsmtSF + ExterQual + GrLivArea , data=dataList[[ 8 ]]$train)"""
"1","
"
"1","[1]"
"1"," ""lm(formula=SalePrice~ X1stFlrSF + BsmtFinSF1 + TotalBsmtSF + ExterQual + GrLivArea , data=dataList[[ 9 ]]$train)"""
"1","
"
"1","[1]"
"1"," ""lm(formula=SalePrice~ X1stFlrSF + BsmtFinSF1 + TotalBsmtSF + ExterQual + GrLivArea , data=dataList[[ 10 ]]$train)"""
"1","
"
"1","[1]"
"1"," ""lm(formula=SalePrice~ FireplaceQu + BsmtFinSF1 + TotalBsmtSF + ExterQual + GrLivArea , data=dataList[[ 1 ]]$train)"""
"1","
"
"1","[1]"
"1"," ""lm(formula=SalePrice~ FireplaceQu + BsmtFinSF1 + TotalBsmtSF + ExterQual + GrLivArea , data=dataList[[ 2 ]]$train)"""
"1","
"
"1","[1]"
"1"," ""lm(formula=SalePrice~ FireplaceQu + BsmtFinSF1 + TotalBsmtSF + ExterQual + GrLivArea , data=dataList[[ 3 ]]$train)"""
"1","
"
"1","[1]"
"1"," ""lm(formula=SalePrice~ FireplaceQu + BsmtFinSF1 + TotalBsmtSF + ExterQual + GrLivArea , data=dataList[[ 4 ]]$train)"""
"1","
"
"1","[1]"
"1"," ""lm(formula=SalePrice~ FireplaceQu + BsmtFinSF1 + TotalBsmtSF + ExterQual + GrLivArea , data=dataList[[ 5 ]]$train)"""
"1","
"
"1","[1]"
"1"," ""lm(formula=SalePrice~ FireplaceQu + BsmtFinSF1 + TotalBsmtSF + ExterQual + GrLivArea , data=dataList[[ 6 ]]$train)"""
"1","
"
"1","[1]"
"1"," ""lm(formula=SalePrice~ FireplaceQu + BsmtFinSF1 + TotalBsmtSF + ExterQual + GrLivArea , data=dataList[[ 7 ]]$train)"""
"1","
"
"1","[1]"
"1"," ""lm(formula=SalePrice~ FireplaceQu + BsmtFinSF1 + TotalBsmtSF + ExterQual + GrLivArea , data=dataList[[ 8 ]]$train)"""
"1","
"
"1","[1]"
"1"," ""lm(formula=SalePrice~ FireplaceQu + BsmtFinSF1 + TotalBsmtSF + ExterQual + GrLivArea , data=dataList[[ 9 ]]$train)"""
"1","
"
"1","[1]"
"1"," ""lm(formula=SalePrice~ FireplaceQu + BsmtFinSF1 + TotalBsmtSF + ExterQual + GrLivArea , data=dataList[[ 10 ]]$train)"""
"1","
"
"1","[1]"
"1"," ""lm(formula=SalePrice~ ExterQual + BsmtFinSF1 + TotalBsmtSF + ExterQual + GrLivArea , data=dataList[[ 1 ]]$train)"""
"1","
"
"1","[1]"
"1"," ""lm(formula=SalePrice~ ExterQual + BsmtFinSF1 + TotalBsmtSF + ExterQual + GrLivArea , data=dataList[[ 2 ]]$train)"""
"1","
"
"1","[1]"
"1"," ""lm(formula=SalePrice~ ExterQual + BsmtFinSF1 + TotalBsmtSF + ExterQual + GrLivArea , data=dataList[[ 3 ]]$train)"""
"1","
"
"1","[1]"
"1"," ""lm(formula=SalePrice~ ExterQual + BsmtFinSF1 + TotalBsmtSF + ExterQual + GrLivArea , data=dataList[[ 4 ]]$train)"""
"1","
"
"1","[1]"
"1"," ""lm(formula=SalePrice~ ExterQual + BsmtFinSF1 + TotalBsmtSF + ExterQual + GrLivArea , data=dataList[[ 5 ]]$train)"""
"1","
"
"1","[1]"
"1"," ""lm(formula=SalePrice~ ExterQual + BsmtFinSF1 + TotalBsmtSF + ExterQual + GrLivArea , data=dataList[[ 6 ]]$train)"""
"1","
"
"1","[1]"
"1"," ""lm(formula=SalePrice~ ExterQual + BsmtFinSF1 + TotalBsmtSF + ExterQual + GrLivArea , data=dataList[[ 7 ]]$train)"""
"1","
"
"1","[1]"
"1"," ""lm(formula=SalePrice~ ExterQual + BsmtFinSF1 + TotalBsmtSF + ExterQual + GrLivArea , data=dataList[[ 8 ]]$train)"""
"1","
"
"1","[1]"
"1"," ""lm(formula=SalePrice~ ExterQual + BsmtFinSF1 + TotalBsmtSF + ExterQual + GrLivArea , data=dataList[[ 9 ]]$train)"""
"1","
"
"1","[1]"
"1"," ""lm(formula=SalePrice~ ExterQual + BsmtFinSF1 + TotalBsmtSF + ExterQual + GrLivArea , data=dataList[[ 10 ]]$train)"""
"1","
"
"1","[1]"
"1"," ""lm(formula=SalePrice~ MasVnrArea + BsmtFinSF1 + TotalBsmtSF + ExterQual + GrLivArea , data=dataList[[ 1 ]]$train)"""
"1","
"
"1","[1]"
"1"," ""lm(formula=SalePrice~ MasVnrArea + BsmtFinSF1 + TotalBsmtSF + ExterQual + GrLivArea , data=dataList[[ 2 ]]$train)"""
"1","
"
"1","[1]"
"1"," ""lm(formula=SalePrice~ MasVnrArea + BsmtFinSF1 + TotalBsmtSF + ExterQual + GrLivArea , data=dataList[[ 3 ]]$train)"""
"1","
"
"1","[1]"
"1"," ""lm(formula=SalePrice~ MasVnrArea + BsmtFinSF1 + TotalBsmtSF + ExterQual + GrLivArea , data=dataList[[ 4 ]]$train)"""
"1","
"
"1","[1]"
"1"," ""lm(formula=SalePrice~ MasVnrArea + BsmtFinSF1 + TotalBsmtSF + ExterQual + GrLivArea , data=dataList[[ 5 ]]$train)"""
"1","
"
"1","[1]"
"1"," ""lm(formula=SalePrice~ MasVnrArea + BsmtFinSF1 + TotalBsmtSF + ExterQual + GrLivArea , data=dataList[[ 6 ]]$train)"""
"1","
"
"1","[1]"
"1"," ""lm(formula=SalePrice~ MasVnrArea + BsmtFinSF1 + TotalBsmtSF + ExterQual + GrLivArea , data=dataList[[ 7 ]]$train)"""
"1","
"
"1","[1]"
"1"," ""lm(formula=SalePrice~ MasVnrArea + BsmtFinSF1 + TotalBsmtSF + ExterQual + GrLivArea , data=dataList[[ 8 ]]$train)"""
"1","
"
"1","[1]"
"1"," ""lm(formula=SalePrice~ MasVnrArea + BsmtFinSF1 + TotalBsmtSF + ExterQual + GrLivArea , data=dataList[[ 9 ]]$train)"""
"1","
"
"1","[1]"
"1"," ""lm(formula=SalePrice~ MasVnrArea + BsmtFinSF1 + TotalBsmtSF + ExterQual + GrLivArea , data=dataList[[ 10 ]]$train)"""
"1","
"
"1","[1]"
"1"," ""lm(formula=SalePrice~ BsmtFinSF1 + BsmtFinSF1 + TotalBsmtSF + ExterQual + GrLivArea , data=dataList[[ 1 ]]$train)"""
"1","
"
"1","[1]"
"1"," ""lm(formula=SalePrice~ BsmtFinSF1 + BsmtFinSF1 + TotalBsmtSF + ExterQual + GrLivArea , data=dataList[[ 2 ]]$train)"""
"1","
"
"1","[1]"
"1"," ""lm(formula=SalePrice~ BsmtFinSF1 + BsmtFinSF1 + TotalBsmtSF + ExterQual + GrLivArea , data=dataList[[ 3 ]]$train)"""
"1","
"
"1","[1]"
"1"," ""lm(formula=SalePrice~ BsmtFinSF1 + BsmtFinSF1 + TotalBsmtSF + ExterQual + GrLivArea , data=dataList[[ 4 ]]$train)"""
"1","
"
"1","[1]"
"1"," ""lm(formula=SalePrice~ BsmtFinSF1 + BsmtFinSF1 + TotalBsmtSF + ExterQual + GrLivArea , data=dataList[[ 5 ]]$train)"""
"1","
"
"1","[1]"
"1"," ""lm(formula=SalePrice~ BsmtFinSF1 + BsmtFinSF1 + TotalBsmtSF + ExterQual + GrLivArea , data=dataList[[ 6 ]]$train)"""
"1","
"
"1","[1]"
"1"," ""lm(formula=SalePrice~ BsmtFinSF1 + BsmtFinSF1 + TotalBsmtSF + ExterQual + GrLivArea , data=dataList[[ 7 ]]$train)"""
"1","
"
"1","[1]"
"1"," ""lm(formula=SalePrice~ BsmtFinSF1 + BsmtFinSF1 + TotalBsmtSF + ExterQual + GrLivArea , data=dataList[[ 8 ]]$train)"""
"1","
"
"1","[1]"
"1"," ""lm(formula=SalePrice~ BsmtFinSF1 + BsmtFinSF1 + TotalBsmtSF + ExterQual + GrLivArea , data=dataList[[ 9 ]]$train)"""
"1","
"
"1","[1]"
"1"," ""lm(formula=SalePrice~ BsmtFinSF1 + BsmtFinSF1 + TotalBsmtSF + ExterQual + GrLivArea , data=dataList[[ 10 ]]$train)"""
"1","
"
"1","[1]"
"1"," ""lm(formula=SalePrice~ BsmtUnfSF + BsmtFinSF1 + TotalBsmtSF + ExterQual + GrLivArea , data=dataList[[ 1 ]]$train)"""
"1","
"
"1","[1]"
"1"," ""lm(formula=SalePrice~ BsmtUnfSF + BsmtFinSF1 + TotalBsmtSF + ExterQual + GrLivArea , data=dataList[[ 2 ]]$train)"""
"1","
"
"1","[1]"
"1"," ""lm(formula=SalePrice~ BsmtUnfSF + BsmtFinSF1 + TotalBsmtSF + ExterQual + GrLivArea , data=dataList[[ 3 ]]$train)"""
"1","
"
"1","[1]"
"1"," ""lm(formula=SalePrice~ BsmtUnfSF + BsmtFinSF1 + TotalBsmtSF + ExterQual + GrLivArea , data=dataList[[ 4 ]]$train)"""
"1","
"
"1","[1]"
"1"," ""lm(formula=SalePrice~ BsmtUnfSF + BsmtFinSF1 + TotalBsmtSF + ExterQual + GrLivArea , data=dataList[[ 5 ]]$train)"""
"1","
"
"1","[1]"
"1"," ""lm(formula=SalePrice~ BsmtUnfSF + BsmtFinSF1 + TotalBsmtSF + ExterQual + GrLivArea , data=dataList[[ 6 ]]$train)"""
"1","
"
"1","[1]"
"1"," ""lm(formula=SalePrice~ BsmtUnfSF + BsmtFinSF1 + TotalBsmtSF + ExterQual + GrLivArea , data=dataList[[ 7 ]]$train)"""
"1","
"
"1","[1]"
"1"," ""lm(formula=SalePrice~ BsmtUnfSF + BsmtFinSF1 + TotalBsmtSF + ExterQual + GrLivArea , data=dataList[[ 8 ]]$train)"""
"1","
"
"1","[1]"
"1"," ""lm(formula=SalePrice~ BsmtUnfSF + BsmtFinSF1 + TotalBsmtSF + ExterQual + GrLivArea , data=dataList[[ 9 ]]$train)"""
"1","
"
"1","[1]"
"1"," ""lm(formula=SalePrice~ BsmtUnfSF + BsmtFinSF1 + TotalBsmtSF + ExterQual + GrLivArea , data=dataList[[ 10 ]]$train)"""
"1","
"
"1","[1]"
"1"," ""lm(formula=SalePrice~ CentralAir + BsmtFinSF1 + TotalBsmtSF + ExterQual + GrLivArea , data=dataList[[ 1 ]]$train)"""
"1","
"
"1","[1]"
"1"," ""lm(formula=SalePrice~ CentralAir + BsmtFinSF1 + TotalBsmtSF + ExterQual + GrLivArea , data=dataList[[ 2 ]]$train)"""
"1","
"
"1","[1]"
"1"," ""lm(formula=SalePrice~ CentralAir + BsmtFinSF1 + TotalBsmtSF + ExterQual + GrLivArea , data=dataList[[ 3 ]]$train)"""
"1","
"
"1","[1]"
"1"," ""lm(formula=SalePrice~ CentralAir + BsmtFinSF1 + TotalBsmtSF + ExterQual + GrLivArea , data=dataList[[ 4 ]]$train)"""
"1","
"
"1","[1]"
"1"," ""lm(formula=SalePrice~ CentralAir + BsmtFinSF1 + TotalBsmtSF + ExterQual + GrLivArea , data=dataList[[ 5 ]]$train)"""
"1","
"
"1","[1]"
"1"," ""lm(formula=SalePrice~ CentralAir + BsmtFinSF1 + TotalBsmtSF + ExterQual + GrLivArea , data=dataList[[ 6 ]]$train)"""
"1","
"
"1","[1]"
"1"," ""lm(formula=SalePrice~ CentralAir + BsmtFinSF1 + TotalBsmtSF + ExterQual + GrLivArea , data=dataList[[ 7 ]]$train)"""
"1","
"
"1","[1]"
"1"," ""lm(formula=SalePrice~ CentralAir + BsmtFinSF1 + TotalBsmtSF + ExterQual + GrLivArea , data=dataList[[ 8 ]]$train)"""
"1","
"
"1","[1]"
"1"," ""lm(formula=SalePrice~ CentralAir + BsmtFinSF1 + TotalBsmtSF + ExterQual + GrLivArea , data=dataList[[ 9 ]]$train)"""
"1","
"
"1","[1]"
"1"," ""lm(formula=SalePrice~ CentralAir + BsmtFinSF1 + TotalBsmtSF + ExterQual + GrLivArea , data=dataList[[ 10 ]]$train)"""
"1","
"
"1","[1]"
"1"," ""CentralAir + BsmtFinSF1 + TotalBsmtSF + ExterQual + GrLivArea"""
"1","
"
"1","[1]"
"1"," ""5 ___________________ CentralAir + BsmtFinSF1 + TotalBsmtSF + ExterQual + GrLivArea _____ 10 _______ 41471.6387257608"""
"1","
"
"1","[1]"
"1"," ""lm(formula=SalePrice~ MSSubClass + CentralAir + BsmtFinSF1 + TotalBsmtSF + ExterQual + GrLivArea , data=dataList[[ 1 ]]$train)"""
"1","
"
"1","[1]"
"1"," ""lm(formula=SalePrice~ MSSubClass + CentralAir + BsmtFinSF1 + TotalBsmtSF + ExterQual + GrLivArea , data=dataList[[ 2 ]]$train)"""
"1","
"
"1","[1]"
"1"," ""lm(formula=SalePrice~ MSSubClass + CentralAir + BsmtFinSF1 + TotalBsmtSF + ExterQual + GrLivArea , data=dataList[[ 3 ]]$train)"""
"1","
"
"1","[1]"
"1"," ""lm(formula=SalePrice~ MSSubClass + CentralAir + BsmtFinSF1 + TotalBsmtSF + ExterQual + GrLivArea , data=dataList[[ 4 ]]$train)"""
"1","
"
"1","[1]"
"1"," ""lm(formula=SalePrice~ MSSubClass + CentralAir + BsmtFinSF1 + TotalBsmtSF + ExterQual + GrLivArea , data=dataList[[ 5 ]]$train)"""
"1","
"
"1","[1]"
"1"," ""lm(formula=SalePrice~ MSSubClass + CentralAir + BsmtFinSF1 + TotalBsmtSF + ExterQual + GrLivArea , data=dataList[[ 6 ]]$train)"""
"1","
"
"1","[1]"
"1"," ""lm(formula=SalePrice~ MSSubClass + CentralAir + BsmtFinSF1 + TotalBsmtSF + ExterQual + GrLivArea , data=dataList[[ 7 ]]$train)"""
"1","
"
"1","[1]"
"1"," ""lm(formula=SalePrice~ MSSubClass + CentralAir + BsmtFinSF1 + TotalBsmtSF + ExterQual + GrLivArea , data=dataList[[ 8 ]]$train)"""
"1","
"
"1","[1]"
"1"," ""lm(formula=SalePrice~ MSSubClass + CentralAir + BsmtFinSF1 + TotalBsmtSF + ExterQual + GrLivArea , data=dataList[[ 9 ]]$train)"""
"1","
"
"1","[1]"
"1"," ""lm(formula=SalePrice~ MSSubClass + CentralAir + BsmtFinSF1 + TotalBsmtSF + ExterQual + GrLivArea , data=dataList[[ 10 ]]$train)"""
"1","
"
"1","[1]"
"1"," ""lm(formula=SalePrice~ LotFrontage + CentralAir + BsmtFinSF1 + TotalBsmtSF + ExterQual + GrLivArea , data=dataList[[ 1 ]]$train)"""
"1","
"
"1","[1]"
"1"," ""lm(formula=SalePrice~ LotFrontage + CentralAir + BsmtFinSF1 + TotalBsmtSF + ExterQual + GrLivArea , data=dataList[[ 2 ]]$train)"""
"1","
"
"1","[1]"
"1"," ""lm(formula=SalePrice~ LotFrontage + CentralAir + BsmtFinSF1 + TotalBsmtSF + ExterQual + GrLivArea , data=dataList[[ 3 ]]$train)"""
"1","
"
"1","[1]"
"1"," ""lm(formula=SalePrice~ LotFrontage + CentralAir + BsmtFinSF1 + TotalBsmtSF + ExterQual + GrLivArea , data=dataList[[ 4 ]]$train)"""
"1","
"
"1","[1]"
"1"," ""lm(formula=SalePrice~ LotFrontage + CentralAir + BsmtFinSF1 + TotalBsmtSF + ExterQual + GrLivArea , data=dataList[[ 5 ]]$train)"""
"1","
"
"1","[1]"
"1"," ""lm(formula=SalePrice~ LotFrontage + CentralAir + BsmtFinSF1 + TotalBsmtSF + ExterQual + GrLivArea , data=dataList[[ 6 ]]$train)"""
"1","
"
"1","[1]"
"1"," ""lm(formula=SalePrice~ LotFrontage + CentralAir + BsmtFinSF1 + TotalBsmtSF + ExterQual + GrLivArea , data=dataList[[ 7 ]]$train)"""
"1","
"
"1","[1]"
"1"," ""lm(formula=SalePrice~ LotFrontage + CentralAir + BsmtFinSF1 + TotalBsmtSF + ExterQual + GrLivArea , data=dataList[[ 8 ]]$train)"""
"1","
"
"1","[1]"
"1"," ""lm(formula=SalePrice~ LotFrontage + CentralAir + BsmtFinSF1 + TotalBsmtSF + ExterQual + GrLivArea , data=dataList[[ 9 ]]$train)"""
"1","
"
"1","[1]"
"1"," ""lm(formula=SalePrice~ LotFrontage + CentralAir + BsmtFinSF1 + TotalBsmtSF + ExterQual + GrLivArea , data=dataList[[ 10 ]]$train)"""
"1","
"
"1","[1]"
"1"," ""lm(formula=SalePrice~ LotShape + CentralAir + BsmtFinSF1 + TotalBsmtSF + ExterQual + GrLivArea , data=dataList[[ 1 ]]$train)"""
"1","
"
"1","[1]"
"1"," ""lm(formula=SalePrice~ LotShape + CentralAir + BsmtFinSF1 + TotalBsmtSF + ExterQual + GrLivArea , data=dataList[[ 2 ]]$train)"""
"1","
"
"1","[1]"
"1"," ""lm(formula=SalePrice~ LotShape + CentralAir + BsmtFinSF1 + TotalBsmtSF + ExterQual + GrLivArea , data=dataList[[ 3 ]]$train)"""
"1","
"
"1","[1]"
"1"," ""lm(formula=SalePrice~ LotShape + CentralAir + BsmtFinSF1 + TotalBsmtSF + ExterQual + GrLivArea , data=dataList[[ 4 ]]$train)"""
"1","
"
"1","[1]"
"1"," ""lm(formula=SalePrice~ LotShape + CentralAir + BsmtFinSF1 + TotalBsmtSF + ExterQual + GrLivArea , data=dataList[[ 5 ]]$train)"""
"1","
"
"1","[1]"
"1"," ""lm(formula=SalePrice~ LotShape + CentralAir + BsmtFinSF1 + TotalBsmtSF + ExterQual + GrLivArea , data=dataList[[ 6 ]]$train)"""
"1","
"
"1","[1]"
"1"," ""lm(formula=SalePrice~ LotShape + CentralAir + BsmtFinSF1 + TotalBsmtSF + ExterQual + GrLivArea , data=dataList[[ 7 ]]$train)"""
"1","
"
"1","[1]"
"1"," ""lm(formula=SalePrice~ LotShape + CentralAir + BsmtFinSF1 + TotalBsmtSF + ExterQual + GrLivArea , data=dataList[[ 8 ]]$train)"""
"1","
"
"1","[1]"
"1"," ""lm(formula=SalePrice~ LotShape + CentralAir + BsmtFinSF1 + TotalBsmtSF + ExterQual + GrLivArea , data=dataList[[ 9 ]]$train)"""
"1","
"
"1","[1]"
"1"," ""lm(formula=SalePrice~ LotShape + CentralAir + BsmtFinSF1 + TotalBsmtSF + ExterQual + GrLivArea , data=dataList[[ 10 ]]$train)"""
"1","
"
"1","[1]"
"1"," ""lm(formula=SalePrice~ X1stFlrSF + CentralAir + BsmtFinSF1 + TotalBsmtSF + ExterQual + GrLivArea , data=dataList[[ 1 ]]$train)"""
"1","
"
"1","[1]"
"1"," ""lm(formula=SalePrice~ X1stFlrSF + CentralAir + BsmtFinSF1 + TotalBsmtSF + ExterQual + GrLivArea , data=dataList[[ 2 ]]$train)"""
"1","
"
"1","[1]"
"1"," ""lm(formula=SalePrice~ X1stFlrSF + CentralAir + BsmtFinSF1 + TotalBsmtSF + ExterQual + GrLivArea , data=dataList[[ 3 ]]$train)"""
"1","
"
"1","[1]"
"1"," ""lm(formula=SalePrice~ X1stFlrSF + CentralAir + BsmtFinSF1 + TotalBsmtSF + ExterQual + GrLivArea , data=dataList[[ 4 ]]$train)"""
"1","
"
"1","[1]"
"1"," ""lm(formula=SalePrice~ X1stFlrSF + CentralAir + BsmtFinSF1 + TotalBsmtSF + ExterQual + GrLivArea , data=dataList[[ 5 ]]$train)"""
"1","
"
"1","[1]"
"1"," ""lm(formula=SalePrice~ X1stFlrSF + CentralAir + BsmtFinSF1 + TotalBsmtSF + ExterQual + GrLivArea , data=dataList[[ 6 ]]$train)"""
"1","
"
"1","[1]"
"1"," ""lm(formula=SalePrice~ X1stFlrSF + CentralAir + BsmtFinSF1 + TotalBsmtSF + ExterQual + GrLivArea , data=dataList[[ 7 ]]$train)"""
"1","
"
"1","[1]"
"1"," ""lm(formula=SalePrice~ X1stFlrSF + CentralAir + BsmtFinSF1 + TotalBsmtSF + ExterQual + GrLivArea , data=dataList[[ 8 ]]$train)"""
"1","
"
"1","[1]"
"1"," ""lm(formula=SalePrice~ X1stFlrSF + CentralAir + BsmtFinSF1 + TotalBsmtSF + ExterQual + GrLivArea , data=dataList[[ 9 ]]$train)"""
"1","
"
"1","[1]"
"1"," ""lm(formula=SalePrice~ X1stFlrSF + CentralAir + BsmtFinSF1 + TotalBsmtSF + ExterQual + GrLivArea , data=dataList[[ 10 ]]$train)"""
"1","
"
"1","[1]"
"1"," ""lm(formula=SalePrice~ FireplaceQu + CentralAir + BsmtFinSF1 + TotalBsmtSF + ExterQual + GrLivArea , data=dataList[[ 1 ]]$train)"""
"1","
"
"1","[1]"
"1"," ""lm(formula=SalePrice~ FireplaceQu + CentralAir + BsmtFinSF1 + TotalBsmtSF + ExterQual + GrLivArea , data=dataList[[ 2 ]]$train)"""
"1","
"
"1","[1]"
"1"," ""lm(formula=SalePrice~ FireplaceQu + CentralAir + BsmtFinSF1 + TotalBsmtSF + ExterQual + GrLivArea , data=dataList[[ 3 ]]$train)"""
"1","
"
"1","[1]"
"1"," ""lm(formula=SalePrice~ FireplaceQu + CentralAir + BsmtFinSF1 + TotalBsmtSF + ExterQual + GrLivArea , data=dataList[[ 4 ]]$train)"""
"1","
"
"1","[1]"
"1"," ""lm(formula=SalePrice~ FireplaceQu + CentralAir + BsmtFinSF1 + TotalBsmtSF + ExterQual + GrLivArea , data=dataList[[ 5 ]]$train)"""
"1","
"
"1","[1]"
"1"," ""lm(formula=SalePrice~ FireplaceQu + CentralAir + BsmtFinSF1 + TotalBsmtSF + ExterQual + GrLivArea , data=dataList[[ 6 ]]$train)"""
"1","
"
"1","[1]"
"1"," ""lm(formula=SalePrice~ FireplaceQu + CentralAir + BsmtFinSF1 + TotalBsmtSF + ExterQual + GrLivArea , data=dataList[[ 7 ]]$train)"""
"1","
"
"1","[1]"
"1"," ""lm(formula=SalePrice~ FireplaceQu + CentralAir + BsmtFinSF1 + TotalBsmtSF + ExterQual + GrLivArea , data=dataList[[ 8 ]]$train)"""
"1","
"
"1","[1]"
"1"," ""lm(formula=SalePrice~ FireplaceQu + CentralAir + BsmtFinSF1 + TotalBsmtSF + ExterQual + GrLivArea , data=dataList[[ 9 ]]$train)"""
"1","
"
"1","[1]"
"1"," ""lm(formula=SalePrice~ FireplaceQu + CentralAir + BsmtFinSF1 + TotalBsmtSF + ExterQual + GrLivArea , data=dataList[[ 10 ]]$train)"""
"1","
"
"1","[1]"
"1"," ""lm(formula=SalePrice~ ExterQual + CentralAir + BsmtFinSF1 + TotalBsmtSF + ExterQual + GrLivArea , data=dataList[[ 1 ]]$train)"""
"1","
"
"1","[1]"
"1"," ""lm(formula=SalePrice~ ExterQual + CentralAir + BsmtFinSF1 + TotalBsmtSF + ExterQual + GrLivArea , data=dataList[[ 2 ]]$train)"""
"1","
"
"1","[1]"
"1"," ""lm(formula=SalePrice~ ExterQual + CentralAir + BsmtFinSF1 + TotalBsmtSF + ExterQual + GrLivArea , data=dataList[[ 3 ]]$train)"""
"1","
"
"1","[1]"
"1"," ""lm(formula=SalePrice~ ExterQual + CentralAir + BsmtFinSF1 + TotalBsmtSF + ExterQual + GrLivArea , data=dataList[[ 4 ]]$train)"""
"1","
"
"1","[1]"
"1"," ""lm(formula=SalePrice~ ExterQual + CentralAir + BsmtFinSF1 + TotalBsmtSF + ExterQual + GrLivArea , data=dataList[[ 5 ]]$train)"""
"1","
"
"1","[1]"
"1"," ""lm(formula=SalePrice~ ExterQual + CentralAir + BsmtFinSF1 + TotalBsmtSF + ExterQual + GrLivArea , data=dataList[[ 6 ]]$train)"""
"1","
"
"1","[1]"
"1"," ""lm(formula=SalePrice~ ExterQual + CentralAir + BsmtFinSF1 + TotalBsmtSF + ExterQual + GrLivArea , data=dataList[[ 7 ]]$train)"""
"1","
"
"1","[1]"
"1"," ""lm(formula=SalePrice~ ExterQual + CentralAir + BsmtFinSF1 + TotalBsmtSF + ExterQual + GrLivArea , data=dataList[[ 8 ]]$train)"""
"1","
"
"1","[1]"
"1"," ""lm(formula=SalePrice~ ExterQual + CentralAir + BsmtFinSF1 + TotalBsmtSF + ExterQual + GrLivArea , data=dataList[[ 9 ]]$train)"""
"1","
"
"1","[1]"
"1"," ""lm(formula=SalePrice~ ExterQual + CentralAir + BsmtFinSF1 + TotalBsmtSF + ExterQual + GrLivArea , data=dataList[[ 10 ]]$train)"""
"1","
"
"1","[1]"
"1"," ""lm(formula=SalePrice~ BsmtFinSF1 + CentralAir + BsmtFinSF1 + TotalBsmtSF + ExterQual + GrLivArea , data=dataList[[ 1 ]]$train)"""
"1","
"
"1","[1]"
"1"," ""lm(formula=SalePrice~ BsmtFinSF1 + CentralAir + BsmtFinSF1 + TotalBsmtSF + ExterQual + GrLivArea , data=dataList[[ 2 ]]$train)"""
"1","
"
"1","[1]"
"1"," ""lm(formula=SalePrice~ BsmtFinSF1 + CentralAir + BsmtFinSF1 + TotalBsmtSF + ExterQual + GrLivArea , data=dataList[[ 3 ]]$train)"""
"1","
"
"1","[1]"
"1"," ""lm(formula=SalePrice~ BsmtFinSF1 + CentralAir + BsmtFinSF1 + TotalBsmtSF + ExterQual + GrLivArea , data=dataList[[ 4 ]]$train)"""
"1","
"
"1","[1]"
"1"," ""lm(formula=SalePrice~ BsmtFinSF1 + CentralAir + BsmtFinSF1 + TotalBsmtSF + ExterQual + GrLivArea , data=dataList[[ 5 ]]$train)"""
"1","
"
"1","[1]"
"1"," ""lm(formula=SalePrice~ BsmtFinSF1 + CentralAir + BsmtFinSF1 + TotalBsmtSF + ExterQual + GrLivArea , data=dataList[[ 6 ]]$train)"""
"1","
"
"1","[1]"
"1"," ""lm(formula=SalePrice~ BsmtFinSF1 + CentralAir + BsmtFinSF1 + TotalBsmtSF + ExterQual + GrLivArea , data=dataList[[ 7 ]]$train)"""
"1","
"
"1","[1]"
"1"," ""lm(formula=SalePrice~ BsmtFinSF1 + CentralAir + BsmtFinSF1 + TotalBsmtSF + ExterQual + GrLivArea , data=dataList[[ 8 ]]$train)"""
"1","
"
"1","[1]"
"1"," ""lm(formula=SalePrice~ BsmtFinSF1 + CentralAir + BsmtFinSF1 + TotalBsmtSF + ExterQual + GrLivArea , data=dataList[[ 9 ]]$train)"""
"1","
"
"1","[1]"
"1"," ""lm(formula=SalePrice~ BsmtFinSF1 + CentralAir + BsmtFinSF1 + TotalBsmtSF + ExterQual + GrLivArea , data=dataList[[ 10 ]]$train)"""
"1","
"
"1","[1]"
"1"," ""lm(formula=SalePrice~ BsmtUnfSF + CentralAir + BsmtFinSF1 + TotalBsmtSF + ExterQual + GrLivArea , data=dataList[[ 1 ]]$train)"""
"1","
"
"1","[1]"
"1"," ""lm(formula=SalePrice~ BsmtUnfSF + CentralAir + BsmtFinSF1 + TotalBsmtSF + ExterQual + GrLivArea , data=dataList[[ 2 ]]$train)"""
"1","
"
"1","[1]"
"1"," ""lm(formula=SalePrice~ BsmtUnfSF + CentralAir + BsmtFinSF1 + TotalBsmtSF + ExterQual + GrLivArea , data=dataList[[ 3 ]]$train)"""
"1","
"
"1","[1]"
"1"," ""lm(formula=SalePrice~ BsmtUnfSF + CentralAir + BsmtFinSF1 + TotalBsmtSF + ExterQual + GrLivArea , data=dataList[[ 4 ]]$train)"""
"1","
"
"1","[1]"
"1"," ""lm(formula=SalePrice~ BsmtUnfSF + CentralAir + BsmtFinSF1 + TotalBsmtSF + ExterQual + GrLivArea , data=dataList[[ 5 ]]$train)"""
"1","
"
"1","[1]"
"1"," ""lm(formula=SalePrice~ BsmtUnfSF + CentralAir + BsmtFinSF1 + TotalBsmtSF + ExterQual + GrLivArea , data=dataList[[ 6 ]]$train)"""
"1","
"
"1","[1]"
"1"," ""lm(formula=SalePrice~ BsmtUnfSF + CentralAir + BsmtFinSF1 + TotalBsmtSF + ExterQual + GrLivArea , data=dataList[[ 7 ]]$train)"""
"1","
"
"1","[1]"
"1"," ""lm(formula=SalePrice~ BsmtUnfSF + CentralAir + BsmtFinSF1 + TotalBsmtSF + ExterQual + GrLivArea , data=dataList[[ 8 ]]$train)"""
"1","
"
"1","[1]"
"1"," ""lm(formula=SalePrice~ BsmtUnfSF + CentralAir + BsmtFinSF1 + TotalBsmtSF + ExterQual + GrLivArea , data=dataList[[ 9 ]]$train)"""
"1","
"
"1","[1]"
"1"," ""lm(formula=SalePrice~ BsmtUnfSF + CentralAir + BsmtFinSF1 + TotalBsmtSF + ExterQual + GrLivArea , data=dataList[[ 10 ]]$train)"""
"1","
"
"1","[1]"
"1"," ""lm(formula=SalePrice~ CentralAir + CentralAir + BsmtFinSF1 + TotalBsmtSF + ExterQual + GrLivArea , data=dataList[[ 1 ]]$train)"""
"1","
"
"1","[1]"
"1"," ""lm(formula=SalePrice~ CentralAir + CentralAir + BsmtFinSF1 + TotalBsmtSF + ExterQual + GrLivArea , data=dataList[[ 2 ]]$train)"""
"1","
"
"1","[1]"
"1"," ""lm(formula=SalePrice~ CentralAir + CentralAir + BsmtFinSF1 + TotalBsmtSF + ExterQual + GrLivArea , data=dataList[[ 3 ]]$train)"""
"1","
"
"1","[1]"
"1"," ""lm(formula=SalePrice~ CentralAir + CentralAir + BsmtFinSF1 + TotalBsmtSF + ExterQual + GrLivArea , data=dataList[[ 4 ]]$train)"""
"1","
"
"1","[1]"
"1"," ""lm(formula=SalePrice~ CentralAir + CentralAir + BsmtFinSF1 + TotalBsmtSF + ExterQual + GrLivArea , data=dataList[[ 5 ]]$train)"""
"1","
"
"1","[1]"
"1"," ""lm(formula=SalePrice~ CentralAir + CentralAir + BsmtFinSF1 + TotalBsmtSF + ExterQual + GrLivArea , data=dataList[[ 6 ]]$train)"""
"1","
"
"1","[1]"
"1"," ""lm(formula=SalePrice~ CentralAir + CentralAir + BsmtFinSF1 + TotalBsmtSF + ExterQual + GrLivArea , data=dataList[[ 7 ]]$train)"""
"1","
"
"1","[1]"
"1"," ""lm(formula=SalePrice~ CentralAir + CentralAir + BsmtFinSF1 + TotalBsmtSF + ExterQual + GrLivArea , data=dataList[[ 8 ]]$train)"""
"1","
"
"1","[1]"
"1"," ""lm(formula=SalePrice~ CentralAir + CentralAir + BsmtFinSF1 + TotalBsmtSF + ExterQual + GrLivArea , data=dataList[[ 9 ]]$train)"""
"1","
"
"1","[1]"
"1"," ""lm(formula=SalePrice~ CentralAir + CentralAir + BsmtFinSF1 + TotalBsmtSF + ExterQual + GrLivArea , data=dataList[[ 10 ]]$train)"""
"1","
"
"1","[1]"
"1"," ""MSSubClass + CentralAir + BsmtFinSF1 + TotalBsmtSF + ExterQual + GrLivArea"""
"1","
"
"1","[1]"
"1"," ""6 ___________________ MSSubClass + CentralAir + BsmtFinSF1 + TotalBsmtSF + ExterQual + GrLivArea _____ 1 _______ 41064.6813445067"""
"1","
"
"1","[1]"
"1"," ""lm(formula=SalePrice~ LotFrontage + MSSubClass + CentralAir + BsmtFinSF1 + TotalBsmtSF + ExterQual + GrLivArea , data=dataList[[ 1 ]]$train)"""
"1","
"
"1","[1]"
"1"," ""lm(formula=SalePrice~ LotFrontage + MSSubClass + CentralAir + BsmtFinSF1 + TotalBsmtSF + ExterQual + GrLivArea , data=dataList[[ 2 ]]$train)"""
"1","
"
"1","[1]"
"1"," ""lm(formula=SalePrice~ LotFrontage + MSSubClass + CentralAir + BsmtFinSF1 + TotalBsmtSF + ExterQual + GrLivArea , data=dataList[[ 3 ]]$train)"""
"1","
"
"1","[1]"
"1"," ""lm(formula=SalePrice~ LotFrontage + MSSubClass + CentralAir + BsmtFinSF1 + TotalBsmtSF + ExterQual + GrLivArea , data=dataList[[ 4 ]]$train)"""
"1","
"
"1","[1]"
"1"," ""lm(formula=SalePrice~ LotFrontage + MSSubClass + CentralAir + BsmtFinSF1 + TotalBsmtSF + ExterQual + GrLivArea , data=dataList[[ 5 ]]$train)"""
"1","
"
"1","[1]"
"1"," ""lm(formula=SalePrice~ LotFrontage + MSSubClass + CentralAir + BsmtFinSF1 + TotalBsmtSF + ExterQual + GrLivArea , data=dataList[[ 6 ]]$train)"""
"1","
"
"1","[1]"
"1"," ""lm(formula=SalePrice~ LotFrontage + MSSubClass + CentralAir + BsmtFinSF1 + TotalBsmtSF + ExterQual + GrLivArea , data=dataList[[ 7 ]]$train)"""
"1","
"
"1","[1]"
"1"," ""lm(formula=SalePrice~ LotFrontage + MSSubClass + CentralAir + BsmtFinSF1 + TotalBsmtSF + ExterQual + GrLivArea , data=dataList[[ 8 ]]$train)"""
"1","
"
"1","[1]"
"1"," ""lm(formula=SalePrice~ LotFrontage + MSSubClass + CentralAir + BsmtFinSF1 + TotalBsmtSF + ExterQual + GrLivArea , data=dataList[[ 9 ]]$train)"""
"1","
"
"1","[1]"
"1"," ""lm(formula=SalePrice~ LotFrontage + MSSubClass + CentralAir + BsmtFinSF1 + TotalBsmtSF + ExterQual + GrLivArea , data=dataList[[ 10 ]]$train)"""
"1","
"
"1","[1]"
"1"," ""lm(formula=SalePrice~ LotShape + MSSubClass + CentralAir + BsmtFinSF1 + TotalBsmtSF + ExterQual + GrLivArea , data=dataList[[ 1 ]]$train)"""
"1","
"
"1","[1]"
"1"," ""lm(formula=SalePrice~ LotShape + MSSubClass + CentralAir + BsmtFinSF1 + TotalBsmtSF + ExterQual + GrLivArea , data=dataList[[ 2 ]]$train)"""
"1","
"
"1","[1]"
"1"," ""lm(formula=SalePrice~ LotShape + MSSubClass + CentralAir + BsmtFinSF1 + TotalBsmtSF + ExterQual + GrLivArea , data=dataList[[ 3 ]]$train)"""
"1","
"
"1","[1]"
"1"," ""lm(formula=SalePrice~ LotShape + MSSubClass + CentralAir + BsmtFinSF1 + TotalBsmtSF + ExterQual + GrLivArea , data=dataList[[ 4 ]]$train)"""
"1","
"
"1","[1]"
"1"," ""lm(formula=SalePrice~ LotShape + MSSubClass + CentralAir + BsmtFinSF1 + TotalBsmtSF + ExterQual + GrLivArea , data=dataList[[ 5 ]]$train)"""
"1","
"
"1","[1]"
"1"," ""lm(formula=SalePrice~ LotShape + MSSubClass + CentralAir + BsmtFinSF1 + TotalBsmtSF + ExterQual + GrLivArea , data=dataList[[ 6 ]]$train)"""
"1","
"
"1","[1]"
"1"," ""lm(formula=SalePrice~ LotShape + MSSubClass + CentralAir + BsmtFinSF1 + TotalBsmtSF + ExterQual + GrLivArea , data=dataList[[ 7 ]]$train)"""
"1","
"
"1","[1]"
"1"," ""lm(formula=SalePrice~ LotShape + MSSubClass + CentralAir + BsmtFinSF1 + TotalBsmtSF + ExterQual + GrLivArea , data=dataList[[ 8 ]]$train)"""
"1","
"
"1","[1]"
"1"," ""lm(formula=SalePrice~ LotShape + MSSubClass + CentralAir + BsmtFinSF1 + TotalBsmtSF + ExterQual + GrLivArea , data=dataList[[ 9 ]]$train)"""
"1","
"
"1","[1]"
"1"," ""lm(formula=SalePrice~ LotShape + MSSubClass + CentralAir + BsmtFinSF1 + TotalBsmtSF + ExterQual + GrLivArea , data=dataList[[ 10 ]]$train)"""
"1","
"
"1","[1]"
"1"," ""lm(formula=SalePrice~ X1stFlrSF + MSSubClass + CentralAir + BsmtFinSF1 + TotalBsmtSF + ExterQual + GrLivArea , data=dataList[[ 1 ]]$train)"""
"1","
"
"1","[1]"
"1"," ""lm(formula=SalePrice~ X1stFlrSF + MSSubClass + CentralAir + BsmtFinSF1 + TotalBsmtSF + ExterQual + GrLivArea , data=dataList[[ 2 ]]$train)"""
"1","
"
"1","[1]"
"1"," ""lm(formula=SalePrice~ X1stFlrSF + MSSubClass + CentralAir + BsmtFinSF1 + TotalBsmtSF + ExterQual + GrLivArea , data=dataList[[ 3 ]]$train)"""
"1","
"
"1","[1]"
"1"," ""lm(formula=SalePrice~ X1stFlrSF + MSSubClass + CentralAir + BsmtFinSF1 + TotalBsmtSF + ExterQual + GrLivArea , data=dataList[[ 4 ]]$train)"""
"1","
"
"1","[1]"
"1"," ""lm(formula=SalePrice~ X1stFlrSF + MSSubClass + CentralAir + BsmtFinSF1 + TotalBsmtSF + ExterQual + GrLivArea , data=dataList[[ 5 ]]$train)"""
"1","
"
"1","[1]"
"1"," ""lm(formula=SalePrice~ X1stFlrSF + MSSubClass + CentralAir + BsmtFinSF1 + TotalBsmtSF + ExterQual + GrLivArea , data=dataList[[ 6 ]]$train)"""
"1","
"
"1","[1]"
"1"," ""lm(formula=SalePrice~ X1stFlrSF + MSSubClass + CentralAir + BsmtFinSF1 + TotalBsmtSF + ExterQual + GrLivArea , data=dataList[[ 7 ]]$train)"""
"1","
"
"1","[1]"
"1"," ""lm(formula=SalePrice~ X1stFlrSF + MSSubClass + CentralAir + BsmtFinSF1 + TotalBsmtSF + ExterQual + GrLivArea , data=dataList[[ 8 ]]$train)"""
"1","
"
"1","[1]"
"1"," ""lm(formula=SalePrice~ X1stFlrSF + MSSubClass + CentralAir + BsmtFinSF1 + TotalBsmtSF + ExterQual + GrLivArea , data=dataList[[ 9 ]]$train)"""
"1","
"
"1","[1]"
"1"," ""lm(formula=SalePrice~ X1stFlrSF + MSSubClass + CentralAir + BsmtFinSF1 + TotalBsmtSF + ExterQual + GrLivArea , data=dataList[[ 10 ]]$train)"""
"1","
"
"1","[1]"
"1"," ""lm(formula=SalePrice~ FireplaceQu + MSSubClass + CentralAir + BsmtFinSF1 + TotalBsmtSF + ExterQual + GrLivArea , data=dataList[[ 1 ]]$train)"""
"1","
"
"1","[1]"
"1"," ""lm(formula=SalePrice~ FireplaceQu + MSSubClass + CentralAir + BsmtFinSF1 + TotalBsmtSF + ExterQual + GrLivArea , data=dataList[[ 2 ]]$train)"""
"1","
"
"1","[1]"
"1"," ""lm(formula=SalePrice~ FireplaceQu + MSSubClass + CentralAir + BsmtFinSF1 + TotalBsmtSF + ExterQual + GrLivArea , data=dataList[[ 3 ]]$train)"""
"1","
"
"1","[1]"
"1"," ""lm(formula=SalePrice~ FireplaceQu + MSSubClass + CentralAir + BsmtFinSF1 + TotalBsmtSF + ExterQual + GrLivArea , data=dataList[[ 4 ]]$train)"""
"1","
"
"1","[1]"
"1"," ""lm(formula=SalePrice~ FireplaceQu + MSSubClass + CentralAir + BsmtFinSF1 + TotalBsmtSF + ExterQual + GrLivArea , data=dataList[[ 5 ]]$train)"""
"1","
"
"1","[1]"
"1"," ""lm(formula=SalePrice~ FireplaceQu + MSSubClass + CentralAir + BsmtFinSF1 + TotalBsmtSF + ExterQual + GrLivArea , data=dataList[[ 6 ]]$train)"""
"1","
"
"1","[1]"
"1"," ""lm(formula=SalePrice~ FireplaceQu + MSSubClass + CentralAir + BsmtFinSF1 + TotalBsmtSF + ExterQual + GrLivArea , data=dataList[[ 7 ]]$train)"""
"1","
"
"1","[1]"
"1"," ""lm(formula=SalePrice~ FireplaceQu + MSSubClass + CentralAir + BsmtFinSF1 + TotalBsmtSF + ExterQual + GrLivArea , data=dataList[[ 8 ]]$train)"""
"1","
"
"1","[1]"
"1"," ""lm(formula=SalePrice~ FireplaceQu + MSSubClass + CentralAir + BsmtFinSF1 + TotalBsmtSF + ExterQual + GrLivArea , data=dataList[[ 9 ]]$train)"""
"1","
"
"1","[1]"
"1"," ""lm(formula=SalePrice~ FireplaceQu + MSSubClass + CentralAir + BsmtFinSF1 + TotalBsmtSF + ExterQual + GrLivArea , data=dataList[[ 10 ]]$train)"""
"1","
"
"1","[1]"
"1"," ""lm(formula=SalePrice~ ExterQual + MSSubClass + CentralAir + BsmtFinSF1 + TotalBsmtSF + ExterQual + GrLivArea , data=dataList[[ 1 ]]$train)"""
"1","
"
"1","[1]"
"1"," ""lm(formula=SalePrice~ ExterQual + MSSubClass + CentralAir + BsmtFinSF1 + TotalBsmtSF + ExterQual + GrLivArea , data=dataList[[ 2 ]]$train)"""
"1","
"
"1","[1]"
"1"," ""lm(formula=SalePrice~ ExterQual + MSSubClass + CentralAir + BsmtFinSF1 + TotalBsmtSF + ExterQual + GrLivArea , data=dataList[[ 3 ]]$train)"""
"1","
"
"1","[1]"
"1"," ""lm(formula=SalePrice~ ExterQual + MSSubClass + CentralAir + BsmtFinSF1 + TotalBsmtSF + ExterQual + GrLivArea , data=dataList[[ 4 ]]$train)"""
"1","
"
"1","[1]"
"1"," ""lm(formula=SalePrice~ ExterQual + MSSubClass + CentralAir + BsmtFinSF1 + TotalBsmtSF + ExterQual + GrLivArea , data=dataList[[ 5 ]]$train)"""
"1","
"
"1","[1]"
"1"," ""lm(formula=SalePrice~ ExterQual + MSSubClass + CentralAir + BsmtFinSF1 + TotalBsmtSF + ExterQual + GrLivArea , data=dataList[[ 6 ]]$train)"""
"1","
"
"1","[1]"
"1"," ""lm(formula=SalePrice~ ExterQual + MSSubClass + CentralAir + BsmtFinSF1 + TotalBsmtSF + ExterQual + GrLivArea , data=dataList[[ 7 ]]$train)"""
"1","
"
"1","[1]"
"1"," ""lm(formula=SalePrice~ ExterQual + MSSubClass + CentralAir + BsmtFinSF1 + TotalBsmtSF + ExterQual + GrLivArea , data=dataList[[ 8 ]]$train)"""
"1","
"
"1","[1]"
"1"," ""lm(formula=SalePrice~ ExterQual + MSSubClass + CentralAir + BsmtFinSF1 + TotalBsmtSF + ExterQual + GrLivArea , data=dataList[[ 9 ]]$train)"""
"1","
"
"1","[1]"
"1"," ""lm(formula=SalePrice~ ExterQual + MSSubClass + CentralAir + BsmtFinSF1 + TotalBsmtSF + ExterQual + GrLivArea , data=dataList[[ 10 ]]$train)"""
"1","
"
"1","[1]"
"1"," ""lm(formula=SalePrice~ BsmtFinSF1 + MSSubClass + CentralAir + BsmtFinSF1 + TotalBsmtSF + ExterQual + GrLivArea , data=dataList[[ 1 ]]$train)"""
"1","
"
"1","[1]"
"1"," ""lm(formula=SalePrice~ BsmtFinSF1 + MSSubClass + CentralAir + BsmtFinSF1 + TotalBsmtSF + ExterQual + GrLivArea , data=dataList[[ 2 ]]$train)"""
"1","
"
"1","[1]"
"1"," ""lm(formula=SalePrice~ BsmtFinSF1 + MSSubClass + CentralAir + BsmtFinSF1 + TotalBsmtSF + ExterQual + GrLivArea , data=dataList[[ 3 ]]$train)"""
"1","
"
"1","[1]"
"1"," ""lm(formula=SalePrice~ BsmtFinSF1 + MSSubClass + CentralAir + BsmtFinSF1 + TotalBsmtSF + ExterQual + GrLivArea , data=dataList[[ 4 ]]$train)"""
"1","
"
"1","[1]"
"1"," ""lm(formula=SalePrice~ BsmtFinSF1 + MSSubClass + CentralAir + BsmtFinSF1 + TotalBsmtSF + ExterQual + GrLivArea , data=dataList[[ 5 ]]$train)"""
"1","
"
"1","[1]"
"1"," ""lm(formula=SalePrice~ BsmtFinSF1 + MSSubClass + CentralAir + BsmtFinSF1 + TotalBsmtSF + ExterQual + GrLivArea , data=dataList[[ 6 ]]$train)"""
"1","
"
"1","[1]"
"1"," ""lm(formula=SalePrice~ BsmtFinSF1 + MSSubClass + CentralAir + BsmtFinSF1 + TotalBsmtSF + ExterQual + GrLivArea , data=dataList[[ 7 ]]$train)"""
"1","
"
"1","[1]"
"1"," ""lm(formula=SalePrice~ BsmtFinSF1 + MSSubClass + CentralAir + BsmtFinSF1 + TotalBsmtSF + ExterQual + GrLivArea , data=dataList[[ 8 ]]$train)"""
"1","
"
"1","[1]"
"1"," ""lm(formula=SalePrice~ BsmtFinSF1 + MSSubClass + CentralAir + BsmtFinSF1 + TotalBsmtSF + ExterQual + GrLivArea , data=dataList[[ 9 ]]$train)"""
"1","
"
"1","[1]"
"1"," ""lm(formula=SalePrice~ BsmtFinSF1 + MSSubClass + CentralAir + BsmtFinSF1 + TotalBsmtSF + ExterQual + GrLivArea , data=dataList[[ 10 ]]$train)"""
"1","
"
"1","[1]"
"1"," ""lm(formula=SalePrice~ BsmtUnfSF + MSSubClass + CentralAir + BsmtFinSF1 + TotalBsmtSF + ExterQual + GrLivArea , data=dataList[[ 1 ]]$train)"""
"1","
"
"1","[1]"
"1"," ""lm(formula=SalePrice~ BsmtUnfSF + MSSubClass + CentralAir + BsmtFinSF1 + TotalBsmtSF + ExterQual + GrLivArea , data=dataList[[ 2 ]]$train)"""
"1","
"
"1","[1]"
"1"," ""lm(formula=SalePrice~ BsmtUnfSF + MSSubClass + CentralAir + BsmtFinSF1 + TotalBsmtSF + ExterQual + GrLivArea , data=dataList[[ 3 ]]$train)"""
"1","
"
"1","[1]"
"1"," ""lm(formula=SalePrice~ BsmtUnfSF + MSSubClass + CentralAir + BsmtFinSF1 + TotalBsmtSF + ExterQual + GrLivArea , data=dataList[[ 4 ]]$train)"""
"1","
"
"1","[1]"
"1"," ""lm(formula=SalePrice~ BsmtUnfSF + MSSubClass + CentralAir + BsmtFinSF1 + TotalBsmtSF + ExterQual + GrLivArea , data=dataList[[ 5 ]]$train)"""
"1","
"
"1","[1]"
"1"," ""lm(formula=SalePrice~ BsmtUnfSF + MSSubClass + CentralAir + BsmtFinSF1 + TotalBsmtSF + ExterQual + GrLivArea , data=dataList[[ 6 ]]$train)"""
"1","
"
"1","[1]"
"1"," ""lm(formula=SalePrice~ BsmtUnfSF + MSSubClass + CentralAir + BsmtFinSF1 + TotalBsmtSF + ExterQual + GrLivArea , data=dataList[[ 7 ]]$train)"""
"1","
"
"1","[1]"
"1"," ""lm(formula=SalePrice~ BsmtUnfSF + MSSubClass + CentralAir + BsmtFinSF1 + TotalBsmtSF + ExterQual + GrLivArea , data=dataList[[ 8 ]]$train)"""
"1","
"
"1","[1]"
"1"," ""lm(formula=SalePrice~ BsmtUnfSF + MSSubClass + CentralAir + BsmtFinSF1 + TotalBsmtSF + ExterQual + GrLivArea , data=dataList[[ 9 ]]$train)"""
"1","
"
"1","[1]"
"1"," ""lm(formula=SalePrice~ BsmtUnfSF + MSSubClass + CentralAir + BsmtFinSF1 + TotalBsmtSF + ExterQual + GrLivArea , data=dataList[[ 10 ]]$train)"""
"1","
"
"1","[1]"
"1"," ""lm(formula=SalePrice~ CentralAir + MSSubClass + CentralAir + BsmtFinSF1 + TotalBsmtSF + ExterQual + GrLivArea , data=dataList[[ 1 ]]$train)"""
"1","
"
"1","[1]"
"1"," ""lm(formula=SalePrice~ CentralAir + MSSubClass + CentralAir + BsmtFinSF1 + TotalBsmtSF + ExterQual + GrLivArea , data=dataList[[ 2 ]]$train)"""
"1","
"
"1","[1]"
"1"," ""lm(formula=SalePrice~ CentralAir + MSSubClass + CentralAir + BsmtFinSF1 + TotalBsmtSF + ExterQual + GrLivArea , data=dataList[[ 3 ]]$train)"""
"1","
"
"1","[1]"
"1"," ""lm(formula=SalePrice~ CentralAir + MSSubClass + CentralAir + BsmtFinSF1 + TotalBsmtSF + ExterQual + GrLivArea , data=dataList[[ 4 ]]$train)"""
"1","
"
"1","[1]"
"1"," ""lm(formula=SalePrice~ CentralAir + MSSubClass + CentralAir + BsmtFinSF1 + TotalBsmtSF + ExterQual + GrLivArea , data=dataList[[ 5 ]]$train)"""
"1","
"
"1","[1]"
"1"," ""lm(formula=SalePrice~ CentralAir + MSSubClass + CentralAir + BsmtFinSF1 + TotalBsmtSF + ExterQual + GrLivArea , data=dataList[[ 6 ]]$train)"""
"1","
"
"1","[1]"
"1"," ""lm(formula=SalePrice~ CentralAir + MSSubClass + CentralAir + BsmtFinSF1 + TotalBsmtSF + ExterQual + GrLivArea , data=dataList[[ 7 ]]$train)"""
"1","
"
"1","[1]"
"1"," ""lm(formula=SalePrice~ CentralAir + MSSubClass + CentralAir + BsmtFinSF1 + TotalBsmtSF + ExterQual + GrLivArea , data=dataList[[ 8 ]]$train)"""
"1","
"
"1","[1]"
"1"," ""lm(formula=SalePrice~ CentralAir + MSSubClass + CentralAir + BsmtFinSF1 + TotalBsmtSF + ExterQual + GrLivArea , data=dataList[[ 9 ]]$train)"""
"1","
"
"1","[1]"
"1"," ""lm(formula=SalePrice~ CentralAir + MSSubClass + CentralAir + BsmtFinSF1 + TotalBsmtSF + ExterQual + GrLivArea , data=dataList[[ 10 ]]$train)"""
"1","
"
"1","[1]"
"1"," ""13 ___________________ ExterQual + MSSubClass + CentralAir + BsmtFinSF1 + TotalBsmtSF + ExterQual + GrLivArea _____ 5 _______ 41064.6813445067"""
"1","
"
